"Sample","Cohort","Lab","Source","Species","Strain","Sex","Tissue","Tissue.details","Group","Intervention","Intervention.type","Platform","Platform.type","Age.days","Lifespan.species.max","Age.Chronological.Normalized_by_species_max_lifespan","Estimate.Lifespan.99.9th_percentile","Estimate.Lifespan.90th_percentile","Age.Normalized_by_99.9th_percentile","Expected_Hazard.log10","pred_Chronoage_Mouse_Multitissue","pred_Chronoage_Rodents_Liver","pred_Chronoage_Rodents_Multitissue","pred_Mortality_Mouse_Multitissue","pred_Mortality_Rodents_Liver","pred_Mortality_Rodents_Multitissue","dif_Mortality_Rodents_Liver","cor_Mortality_Rodents_Liver","dif_media_Mortality_Rodents_Liver","dif_max_Mortality_Rodents_Liver","dif_Mortality_Mouse_Multitissue","cor_Mortality_Mouse_Multitissue","dif_media_Mortality_Mouse_Multitissue","dif_max_Mortality_Mouse_Multitissue","dif_Mortality_Rodents_Multitissue","cor_Mortality_Rodents_Multitissue","dif_media_Mortality_Rodents_Multitissue","dif_max_Mortality_Rodents_Multitissue"
"Mouse_NewITPdata_UMHET3_Liver_C2015_TJL_DMAG_Female.JL12712","C2015","TJL","Current","Mouse","UMHET3","Female","Liver","Liver","C2015_Female","DMAG","Compound","GPL24247","RNAseq",660,1460,0.4520548,1264.5,1088,0.5219454,-3.002998,-1.07909623478582,-1.53965466359225,-0.123030346767822,-0.0935545042953628,0.0350374327282688,-0.0935315490631563,3.03803543272827,0.490172084103797,3.08820330967866,4.22975611993169,2.90944349570464,0.621952106982202,3.10252880878974,4.24522216916808,2.90946645093684,0.695670986754749,3.11380378998708,4.15224456751457
"Mouse_NewITPdata_UMHET3_Liver_C2015_TJL_Control_Female.JL12702","C2015","TJL","Current","Mouse","UMHET3","Female","Liver","Liver","C2015_Female","Control","Control","GPL24247","RNAseq",660,1460,0.4520548,1309.5,1122,0.5040092,-3.041478,-0.68407986940194,0.926155821014897,-1.04421703289472,-0.0301222875637097,0.0713725551265576,-0.0579407001481254,3.11285055512656,0.490172084103797,3.08820330967866,4.22975611993169,3.01135571243629,0.621952106982202,3.10252880878974,4.24522216916808,2.98353729985187,0.695670986754749,3.11380378998708,4.15224456751457
"Mouse_NewITPdata_UMHET3_Liver_C2015_TJL_Control_Female.JL12705","C2015","TJL","Current","Mouse","UMHET3","Female","Liver","Liver","C2015_Female","Control","Control","GPL24247","RNAseq",660,1460,0.4520548,1309.5,1122,0.5040092,-3.041478,-1.17888231084865,-0.788692913332341,-1.00319939471137,-0.164079883207743,0.133361793707345,-0.142100971091205,3.17483979370734,0.490172084103797,3.08820330967866,4.22975611993169,2.87739811679226,0.621952106982202,3.10252880878974,4.24522216916808,2.8993770289088,0.695670986754749,3.11380378998708,4.15224456751457
"Mouse_NewITPdata_UMHET3_Liver_C2015_TJL_Min_Female.JL12683","C2015","TJL","Current","Mouse","UMHET3","Female","Liver","Liver","C2015_Female","Min","Compound","GPL24247","RNAseq",660,1460,0.4520548,1282,1109.5,0.5148206,-3.076456,1.22085999934326,-1.86857278457214,1.92784217067916,-0.148262778184163,-0.27116327731456,-0.147756317083312,2.80529272268544,0.490172084103797,3.08820330967866,4.22975611993169,2.92819322181584,0.621952106982202,3.10252880878974,4.24522216916808,2.92869968291669,0.695670986754749,3.11380378998708,4.15224456751457
"Mouse_NewITPdata_UMHET3_Liver_C2015_TJL_MitoQ_Female.JL12749","C2015","TJL","Current","Mouse","UMHET3","Female","Liver","Liver","C2015_Female","MitoQ","Compound","GPL24247","RNAseq",660,1460,0.4520548,1320.5,1141,0.4998107,-3.125442,3.02432267416718,1.28412719921519,2.92535271622242,-0.103341998978728,0.0231417639932893,-0.189740744653301,3.14858376399329,0.490172084103797,3.08820330967866,4.22975611993169,3.02210000102127,0.621952106982202,3.10252880878974,4.24522216916808,2.9357012553467,0.695670986754749,3.11380378998708,4.15224456751457
"Mouse_NewITPdata_UMHET3_Liver_C2015_TJL_Rapa20hi_Female.JL12784","C2015","TJL","Current","Mouse","UMHET3","Female","Liver","Liver","C2015_Female","Rapa","Compound","GPL24247","RNAseq",660,1460,0.4520548,1432,1252,0.4608939,-3.139836,-5.91675477684005,-5.85289765045853,-4.62077522240287,-0.249280140934914,-0.354105232673881,-0.234526976322121,2.78573076732612,0.490172084103797,3.08820330967866,4.22975611993169,2.89055585906509,0.621952106982202,3.10252880878974,4.24522216916808,2.90530902367788,0.695670986754749,3.11380378998708,4.15224456751457
"Mouse_NewITPdata_UMHET3_Liver_C2015_UM_DMAG_Female.UM60592","C2015","UM","Current","Mouse","UMHET3","Female","Liver","Liver","C2015_Female","DMAG","Compound","GPL24247","RNAseq",660,1460,0.4520548,1211.5,1050,0.5447792,-2.957943,-4.82257784274676,-1.92061637811521,-4.16346611238488,-0.13370662441788,-0.16543445023559,-0.0758029679556457,2.79250854976441,0.490172084103797,3.08820330967866,4.22975611993169,2.82423637558212,0.621952106982202,3.10252880878974,4.24522216916808,2.88214003204435,0.695670986754749,3.11380378998708,4.15224456751457
"Mouse_NewITPdata_UMHET3_Liver_C2015_UM_bGPA_Female.UM58800","C2015","UM","Current","Mouse","UMHET3","Female","Liver","Liver","C2015_Female","bGPA","Compound","GPL24247","RNAseq",660,1460,0.4520548,1292,1111,0.5108359,-2.96668,-7.46201211463008,-5.57960255750301,-6.54038876426543,-0.151253395680779,-0.114934780591847,-0.0785376282420565,2.85174521940815,0.490172084103797,3.08820330967866,4.22975611993169,2.81542660431922,0.621952106982202,3.10252880878974,4.24522216916808,2.88814237175794,0.695670986754749,3.11380378998708,4.15224456751457
"Mouse_NewITPdata_UMHET3_Liver_C2015_UM_Control_Female.UM59262","C2015","UM","Current","Mouse","UMHET3","Female","Liver","Liver","C2015_Female","Control","Control","GPL24247","RNAseq",660,1460,0.4520548,1254.5,1085.5,0.526106,-3.02592,-0.981215540842445,-0.176703493798696,-0.781354338739635,-0.101938150534187,-0.156378954373165,-0.0816193560442566,2.86954104562683,0.490172084103797,3.08820330967866,4.22975611993169,2.92398184946581,0.621952106982202,3.10252880878974,4.24522216916808,2.94430064395574,0.695670986754749,3.11380378998708,4.15224456751457
"Mouse_NewITPdata_UMHET3_Liver_C2015_UM_Control_Female.UM59283","C2015","UM","Current","Mouse","UMHET3","Female","Liver","Liver","C2015_Female","Control","Control","GPL24247","RNAseq",660,1460,0.4520548,1254.5,1085.5,0.526106,-3.02592,-0.712415343851541,-1.33961403880793,-1.32733964609324,-0.0915909600684277,-0.20696373555872,-0.109492574682024,2.81895626444128,0.490172084103797,3.08820330967866,4.22975611993169,2.93432903993157,0.621952106982202,3.10252880878974,4.24522216916808,2.91642742531798,0.695670986754749,3.11380378998708,4.15224456751457
"Mouse_NewITPdata_UMHET3_Liver_C2015_UM_Min_Female.UM59241","C2015","UM","Current","Mouse","UMHET3","Female","Liver","Liver","C2015_Female","Min","Compound","GPL24247","RNAseq",660,1460,0.4520548,1230.5,1065,0.5363673,-2.980208,-2.58179032448922,-3.30531898523323,-2.20289512598867,-0.0401582402160568,-0.203385263479078,-0.0638967461691298,2.77682273652092,0.490172084103797,3.08820330967866,4.22975611993169,2.94004975978394,0.621952106982202,3.10252880878974,4.24522216916808,2.91631125383087,0.695670986754749,3.11380378998708,4.15224456751457
"Mouse_NewITPdata_UMHET3_Liver_C2015_UM_MitoQ_Female.UM60081","C2015","UM","Current","Mouse","UMHET3","Female","Liver","Liver","C2015_Female","MitoQ","Compound","GPL24247","RNAseq",660,1460,0.4520548,1241,1082.5,0.5318292,-3.070246,-0.0451413513055444,0.563369321941781,-0.10686431094647,-0.101151645346817,-0.246980176333684,-0.133618974750897,2.82326582366632,0.490172084103797,3.08820330967866,4.22975611993169,2.96909435465318,0.621952106982202,3.10252880878974,4.24522216916808,2.9366270252491,0.695670986754749,3.11380378998708,4.15224456751457
"Mouse_NewITPdata_UMHET3_Liver_C2015_UM_Rapa20hi_Female.UM59367","C2015","UM","Current","Mouse","UMHET3","Female","Liver","Liver","C2015_Female","Rapa","Compound","GPL24247","RNAseq",660,1460,0.4520548,1425,1218,0.4631579,-3.059717,1.15154977321084,1.94332837959595,1.42748562648337,-0.181032961723208,0.11998902399676,-0.155493661112149,3.17970602399676,0.490172084103797,3.08820330967866,4.22975611993169,2.87868403827679,0.621952106982202,3.10252880878974,4.24522216916808,2.90422333888785,0.695670986754749,3.11380378998708,4.15224456751457
"Mouse_NewITPdata_UMHET3_Liver_C2015_UT_DMAG_Female.UT08576","C2015","UT","Current","Mouse","UMHET3","Female","Liver","Liver","C2015_Female","DMAG","Compound","GPL24247","RNAseq",660,1460,0.4520548,1255,1084.5,0.5258964,-3.014843,-3.58886437167153,-2.49325872353412,-3.45401458653967,-0.147593662818287,-0.271425830535813,-0.0989177111123987,2.74341716946419,0.490172084103797,3.08820330967866,4.22975611993169,2.86724933718171,0.621952106982202,3.10252880878974,4.24522216916808,2.9159252888876,0.695670986754749,3.11380378998708,4.15224456751457
"Mouse_NewITPdata_UMHET3_Liver_C2015_UT_Control_Female.UT08516","C2015","UT","Current","Mouse","UMHET3","Female","Liver","Liver","C2015_Female","Control","Control","GPL24247","RNAseq",660,1460,0.4520548,1249,1083.5,0.5284227,-3.035492,-0.509111383376991,-0.173991196274138,-0.899183474868694,-0.151321124871776,-0.27534790925929,-0.104406290311439,2.76014409074071,0.490172084103797,3.08820330967866,4.22975611993169,2.88417087512822,0.621952106982202,3.10252880878974,4.24522216916808,2.93108570968856,0.695670986754749,3.11380378998708,4.15224456751457
"Mouse_NewITPdata_UMHET3_Liver_C2015_UT_Min_Female.UT08459","C2015","UT","Current","Mouse","UMHET3","Female","Liver","Liver","C2015_Female","Min","Compound","GPL24247","RNAseq",660,1460,0.4520548,1273.5,1099.5,0.5182568,-3.044441,-5.86579738053237,-4.77010718463077,-5.41039382778928,-0.299927464170198,-0.452571411929095,-0.158529731826718,2.5918695880709,0.490172084103797,3.08820330967866,4.22975611993169,2.7445135358298,0.621952106982202,3.10252880878974,4.24522216916808,2.88591126817328,0.695670986754749,3.11380378998708,4.15224456751457
"Mouse_NewITPdata_UMHET3_Liver_C2015_UT_MitoQ_Female.UT08579","C2015","UT","Current","Mouse","UMHET3","Female","Liver","Liver","C2015_Female","MitoQ","Compound","GPL24247","RNAseq",660,1460,0.4520548,1251,1083,0.5275779,-3.024685,-5.64972066538029,-3.85086519890416,-4.37231115307554,-0.207069608159269,-0.408905726396327,-0.129279467326425,2.61577927360367,0.490172084103797,3.08820330967866,4.22975611993169,2.81761539184073,0.621952106982202,3.10252880878974,4.24522216916808,2.89540553267357,0.695670986754749,3.11380378998708,4.15224456751457
"Mouse_NewITPdata_UMHET3_Liver_C2016_TJL_Cana_Female.JL13987","C2016","TJL","Current","Mouse","UMHET3","Female","Liver","Liver","C2016_Female","Cana","Compound","GPL24247","RNAseq",660,1460,0.4520548,1296.5,1113.5,0.5090629,-3.04264,1.98833390495857,-0.542667559133453,2.59180593007347,0.200191788082332,0.127295048008884,0.239885344668571,3.16993504800888,0.490172084103797,3.08820330967866,4.22975611993169,3.24283178808233,0.621952106982202,3.10252880878974,4.24522216916808,3.28252534466857,0.695670986754749,3.11380378998708,4.15224456751457
"Mouse_NewITPdata_UMHET3_Liver_C2016_TJL_CC_Female.JL14039","C2016","TJL","Current","Mouse","UMHET3","Female","Liver","Liver","C2016_Female","CC","Compound","GPL24247","RNAseq",660,1460,0.4520548,1310,1124,0.5038168,-3.055358,5.3945817710504,3.6287312878723,6.78578567900265,0.259485026468202,0.53820898394768,0.247269473261597,3.59356698394768,0.490172084103797,3.08820330967866,4.22975611993169,3.3148430264682,0.621952106982202,3.10252880878974,4.24522216916808,3.3026274732616,0.695670986754749,3.11380378998708,4.15224456751457
"Mouse_NewITPdata_UMHET3_Liver_C2016_TJL_Control_Female.JL13948","C2016","TJL","Current","Mouse","UMHET3","Female","Liver","Liver","C2016_Female","Control","Control","GPL24247","RNAseq",660,1460,0.4520548,1241.5,1078,0.531615,-2.991489,3.30315669489897,3.44790710699809,3.19223355253696,0.242158814545296,0.315642534959733,0.279122084663243,3.30713153495973,0.490172084103797,3.08820330967866,4.22975611993169,3.2336478145453,0.621952106982202,3.10252880878974,4.24522216916808,3.27061108466324,0.695670986754749,3.11380378998708,4.15224456751457
"Mouse_NewITPdata_UMHET3_Liver_C2016_TJL_Control_Female.JL13949","C2016","TJL","Current","Mouse","UMHET3","Female","Liver","Liver","C2016_Female","Control","Control","GPL24247","RNAseq",660,1460,0.4520548,1241.5,1078,0.531615,-2.991489,2.91095723505663,1.67557595307856,2.52810144540122,0.272052582771543,0.155483280765802,0.301935378216214,3.1469722807658,0.490172084103797,3.08820330967866,4.22975611993169,3.26354158277154,0.621952106982202,3.10252880878974,4.24522216916808,3.29342437821621,0.695670986754749,3.11380378998708,4.15224456751457
"Mouse_NewITPdata_UMHET3_Liver_C2016_TJL_GGA_Female.JL13903","C2016","TJL","Current","Mouse","UMHET3","Female","Liver","Liver","C2016_Female","GCA","Compound","GPL24247","RNAseq",660,1460,0.4520548,1233,1076.5,0.5352798,-3.040589,4.10823093703035,5.32745417163696,3.50288907249468,0.249065796994542,0.344004122058717,0.247108321231222,3.38459312205872,0.490172084103797,3.08820330967866,4.22975611993169,3.28965479699454,0.621952106982202,3.10252880878974,4.24522216916808,3.28769732123122,0.695670986754749,3.11380378998708,4.15224456751457
"Mouse_NewITPdata_UMHET3_Liver_C2016_TJL_NR_Female.JL14032","C2016","TJL","Current","Mouse","UMHET3","Female","Liver","Liver","C2016_Female","NR","Compound","GPL24247","RNAseq",660,1460,0.4520548,1270,1103,0.519685,-3.004083,4.41010113883904,3.95881624032625,4.63001160314623,0.130313967814379,0.409070239777132,0.224963909869725,3.41315323977713,0.490172084103797,3.08820330967866,4.22975611993169,3.13439696781438,0.621952106982202,3.10252880878974,4.24522216916808,3.22904690986972,0.695670986754749,3.11380378998708,4.15224456751457
"Mouse_NewITPdata_UMHET3_Liver_C2016_UM_Cana_Female.UM68719","C2016","UM","Current","Mouse","UMHET3","Female","Liver","Liver","C2016_Female","Cana","Compound","GPL24247","RNAseq",660,1460,0.4520548,1297,1105.5,0.5088666,-2.989429,2.80308396785147,3.42932172889189,2.08298255451398,0.195000688805965,0.37265605959461,0.263089564489247,3.36208505959461,0.490172084103797,3.08820330967866,4.22975611993169,3.18442968880596,0.621952106982202,3.10252880878974,4.24522216916808,3.25251856448925,0.695670986754749,3.11380378998708,4.15224456751457
"Mouse_NewITPdata_UMHET3_Liver_C2016_UM_Cana_Female.UM68726","C2016","UM","Current","Mouse","UMHET3","Female","Liver","Liver","C2016_Female","Cana","Compound","GPL24247","RNAseq",660,1460,0.4520548,1297,1105.5,0.5088666,-2.989429,2.23808201934711,1.78587587632981,2.88688686322335,0.153403636528015,0.340407598705327,0.250570700333529,3.32983659870533,0.490172084103797,3.08820330967866,4.22975611993169,3.14283263652801,0.621952106982202,3.10252880878974,4.24522216916808,3.23999970033353,0.695670986754749,3.11380378998708,4.15224456751457
"Mouse_NewITPdata_UMHET3_Liver_C2016_UM_Cana_Female.UM68831","C2016","UM","Current","Mouse","UMHET3","Female","Liver","Liver","C2016_Female","Cana","Compound","GPL24247","RNAseq",660,1460,0.4520548,1297,1105.5,0.5088666,-2.989429,5.58101797261337,4.5490420257565,5.55042138707657,0.293516756043741,0.283031246854924,0.303129225256309,3.27246024685492,0.490172084103797,3.08820330967866,4.22975611993169,3.28294575604374,0.621952106982202,3.10252880878974,4.24522216916808,3.29255822525631,0.695670986754749,3.11380378998708,4.15224456751457
"Mouse_NewITPdata_UMHET3_Liver_C2016_UM_Cana_Female.UM69594","C2016","UM","Current","Mouse","UMHET3","Female","Liver","Liver","C2016_Female","Cana","Compound","GPL24247","RNAseq",660,1460,0.4520548,1297,1105.5,0.5088666,-2.989429,2.03722178514996,2.77503722499636,1.65899887468223,0.208888648531135,0.435999364989133,0.280055484832221,3.42542836498913,0.490172084103797,3.08820330967866,4.22975611993169,3.19831764853114,0.621952106982202,3.10252880878974,4.24522216916808,3.26948448483222,0.695670986754749,3.11380378998708,4.15224456751457
"Mouse_NewITPdata_UMHET3_Liver_C2016_UM_CC_Female.UM69006","C2016","UM","Current","Mouse","UMHET3","Female","Liver","Liver","C2016_Female","CC","Compound","GPL24247","RNAseq",660,1460,0.4520548,1210,1052,0.5454545,-2.978751,1.15803551990198,1.53588539325067,0.33436431524922,0.122009025237944,-0.00409339493863494,0.262356166828986,2.97465760506137,0.490172084103797,3.08820330967866,4.22975611993169,3.10076002523794,0.621952106982202,3.10252880878974,4.24522216916808,3.24110716682899,0.695670986754749,3.11380378998708,4.15224456751457
"Mouse_NewITPdata_UMHET3_Liver_C2016_UM_Control_Female.UM68530","C2016","UM","Current","Mouse","UMHET3","Female","Liver","Liver","C2016_Female","Control","Control","GPL24247","RNAseq",660,1460,0.4520548,1222.5,1063,0.5398773,-3.007059,3.86796261870846,4.55580299729184,3.79554062281552,0.396303184953483,0.462250536306894,0.346114479941296,3.46930953630689,0.490172084103797,3.08820330967866,4.22975611993169,3.40336218495348,0.621952106982202,3.10252880878974,4.24522216916808,3.3531734799413,0.695670986754749,3.11380378998708,4.15224456751457
"Mouse_NewITPdata_UMHET3_Liver_C2016_UM_Control_Female.UM69468","C2016","UM","Current","Mouse","UMHET3","Female","Liver","Liver","C2016_Female","Control","Control","GPL24247","RNAseq",660,1460,0.4520548,1222.5,1063,0.5398773,-3.007059,3.90713060238292,3.39369072089447,3.49688952511048,0.274037995403252,0.266760696662777,0.319682522269602,3.27381969666278,0.490172084103797,3.08820330967866,4.22975611993169,3.28109699540325,0.621952106982202,3.10252880878974,4.24522216916808,3.3267415222696,0.695670986754749,3.11380378998708,4.15224456751457
"Mouse_NewITPdata_UMHET3_Liver_C2016_UM_Control_Female.UM70217","C2016","UM","Current","Mouse","UMHET3","Female","Liver","Liver","C2016_Female","Control","Control","GPL24247","RNAseq",660,1460,0.4520548,1222.5,1063,0.5398773,-3.007059,2.90962088914534,3.55641968176538,2.50299300775988,0.144867591697706,0.305958077484725,0.193858818220499,3.31301707748472,0.490172084103797,3.08820330967866,4.22975611993169,3.15192659169771,0.621952106982202,3.10252880878974,4.24522216916808,3.2009178182205,0.695670986754749,3.11380378998708,4.15224456751457
"Mouse_NewITPdata_UMHET3_Liver_C2016_UM_Control_Female.UM70224","C2016","UM","Current","Mouse","UMHET3","Female","Liver","Liver","C2016_Female","Control","Control","GPL24247","RNAseq",660,1460,0.4520548,1222.5,1063,0.5398773,-3.007059,3.33516204416172,3.0833283994625,3.04495593582672,0.333331993254061,0.290392025079477,0.266781194725356,3.29745102507948,0.490172084103797,3.08820330967866,4.22975611993169,3.34039099325406,0.621952106982202,3.10252880878974,4.24522216916808,3.27384019472536,0.695670986754749,3.11380378998708,4.15224456751457
"Mouse_NewITPdata_UMHET3_Liver_C2016_UM_Control_Female.UM70231","C2016","UM","Current","Mouse","UMHET3","Female","Liver","Liver","C2016_Female","Control","Control","GPL24247","RNAseq",660,1460,0.4520548,1222.5,1063,0.5398773,-3.007059,3.14550322988098,3.4961295964178,2.67687649365919,0.200976546621385,0.285351022327552,0.284856347261276,3.29241002232755,0.490172084103797,3.08820330967866,4.22975611993169,3.20803554662138,0.621952106982202,3.10252880878974,4.24522216916808,3.29191534726128,0.695670986754749,3.11380378998708,4.15224456751457
"Mouse_NewITPdata_UMHET3_Liver_C2016_UM_Control_Female.UM70364","C2016","UM","Current","Mouse","UMHET3","Female","Liver","Liver","C2016_Female","Control","Control","GPL24247","RNAseq",660,1460,0.4520548,1222.5,1063,0.5398773,-3.007059,4.04259015834933,4.23701042460248,4.09509745987632,0.291919175190689,0.179818292618486,0.283043196236926,3.18687729261849,0.490172084103797,3.08820330967866,4.22975611993169,3.29897817519069,0.621952106982202,3.10252880878974,4.24522216916808,3.29010219623693,0.695670986754749,3.11380378998708,4.15224456751457
"Mouse_NewITPdata_UMHET3_Liver_C2016_UM_Control_Female.YC11","C2016","UM","Current","Mouse","UMHET3","Female","Liver","Liver","C2016_Female","Control","Control","GPL24247","RNAseq",120,1460,0.08219178,1222.5,1063,0.09815951,-4.638564,-13.6205677200125,-13.766703375428,-13.5140966431086,-1.05257407384053,-0.947065107979602,-1.19475428919725,3.6914988920204,0.490172084103797,3.08820330967866,4.22975611993169,3.58598992615947,0.621952106982202,3.10252880878974,4.24522216916808,3.44380971080275,0.695670986754749,3.11380378998708,4.15224456751457
"Mouse_NewITPdata_UMHET3_Liver_C2016_UM_Control_Female.YC12","C2016","UM","Current","Mouse","UMHET3","Female","Liver","Liver","C2016_Female","Control","Control","GPL24247","RNAseq",120,1460,0.08219178,1222.5,1063,0.09815951,-4.638564,-13.9501532248996,-14.7842007211775,-13.7698258306956,-1.07049628011891,-1.08160838608967,-1.21302057652634,3.55695561391033,0.490172084103797,3.08820330967866,4.22975611993169,3.56806771988109,0.621952106982202,3.10252880878974,4.24522216916808,3.42554342347366,0.695670986754749,3.11380378998708,4.15224456751457
"Mouse_NewITPdata_UMHET3_Liver_C2016_UM_GGA_Female.UM68628","C2016","UM","Current","Mouse","UMHET3","Female","Liver","Liver","C2016_Female","GCA","Compound","GPL24247","RNAseq",660,1460,0.4520548,1213.5,1064.5,0.5438813,-2.942375,2.61717044166897,3.81746269477044,3.62407272646815,0.144840680599182,0.055220449728817,0.308603313093424,2.99759544972882,0.490172084103797,3.08820330967866,4.22975611993169,3.08721568059918,0.621952106982202,3.10252880878974,4.24522216916808,3.25097831309342,0.695670986754749,3.11380378998708,4.15224456751457
"Mouse_NewITPdata_UMHET3_Liver_C2016_UM_MIF098_Female.UM68292","C2016","UM","Current","Mouse","UMHET3","Female","Liver","Liver","C2016_Female","MIF098","Compound","GPL24247","RNAseq",660,1460,0.4520548,1153,1013,0.5724198,-2.92077,1.41521750770643,0.268124961719968,1.46203177079128,0.291606696247309,0.144386928299043,0.375918395452163,3.06515692829904,0.490172084103797,3.08820330967866,4.22975611993169,3.21237669624731,0.621952106982202,3.10252880878974,4.24522216916808,3.29668839545216,0.695670986754749,3.11380378998708,4.15224456751457
"Mouse_NewITPdata_UMHET3_Liver_C2016_UM_NR_Female.UM68341","C2016","UM","Current","Mouse","UMHET3","Female","Liver","Liver","C2016_Female","NR","Compound","GPL24247","RNAseq",660,1460,0.4520548,1175.5,1022.5,0.5614632,-2.885837,2.32740715043585,2.21091808578987,2.06688198090466,0.310687049461342,0.0482205874575807,0.393877867524508,2.93405758745758,0.490172084103797,3.08820330967866,4.22975611993169,3.19652404946134,0.621952106982202,3.10252880878974,4.24522216916808,3.27971486752451,0.695670986754749,3.11380378998708,4.15224456751457
"Mouse_NewITPdata_UMHET3_Liver_C2016_UT_Cana_Female.UT09523","C2016","UT","Current","Mouse","UMHET3","Female","Liver","Liver","C2016_Female","Cana","Compound","GPL24247","RNAseq",660,1460,0.4520548,1242.5,1066.5,0.5311871,-2.944454,3.18164251889118,1.21109103569321,3.6102465582763,0.135535729201027,-0.0927420349215762,0.288753128369599,2.85171196507842,0.490172084103797,3.08820330967866,4.22975611993169,3.07998972920103,0.621952106982202,3.10252880878974,4.24522216916808,3.2332071283696,0.695670986754749,3.11380378998708,4.15224456751457
"Mouse_NewITPdata_UMHET3_Liver_C2016_UT_Control_Female.UT09506","C2016","UT","Current","Mouse","UMHET3","Female","Liver","Liver","C2016_Female","Control","Control","GPL24247","RNAseq",660,1460,0.4520548,1254.5,1082,0.526106,-2.998485,3.43604678209585,3.75327122551867,3.32771067940861,0.248663590070975,0.521497774128799,0.28220758754162,3.5199827741288,0.490172084103797,3.08820330967866,4.22975611993169,3.24714859007097,0.621952106982202,3.10252880878974,4.24522216916808,3.28069258754162,0.695670986754749,3.11380378998708,4.15224456751457
"Mouse_NewITPdata_UMHET3_Liver_C2016_UT_GGA_Female.UT09642","C2016","UT","Current","Mouse","UMHET3","Female","Liver","Liver","C2016_Female","GCA","Compound","GPL24247","RNAseq",660,1460,0.4520548,1230.5,1070.5,0.5363673,-3.007808,1.17920360453365,1.44910281750432,2.25389634331286,0.162623808893617,0.18920690924957,0.276671786060382,3.19701490924957,0.490172084103797,3.08820330967866,4.22975611993169,3.17043180889362,0.621952106982202,3.10252880878974,4.24522216916808,3.28447978606038,0.695670986754749,3.11380378998708,4.15224456751457
"Mouse_NewITPdata_UMHET3_Liver_C2017_TJL_BD_Female.JL16221","C2017","TJL","Current","Mouse","UMHET3","Female","Liver","Liver","C2017_Female","BD","Compound","GPL24247","RNAseq",660,1460,0.4520548,1263,1103.5,0.5225653,-3.14161,6.42621277778353,5.56075415011212,7.24181778757304,0.415393381614401,0.0805659052538424,0.408093106234887,3.22217590525384,0.490172084103797,3.08820330967866,4.22975611993169,3.5570033816144,0.621952106982202,3.10252880878974,4.24522216916808,3.54970310623489,0.695670986754749,3.11380378998708,4.15224456751457
"Mouse_NewITPdata_UMHET3_Liver_C2017_TJL_Capt_Female.JL16257","C2017","TJL","Current","Mouse","UMHET3","Female","Liver","Liver","C2017_Female","Capt","Compound","GPL24247","RNAseq",660,1460,0.4520548,1354,1161,0.4874446,-3.117432,7.08097013971006,7.15736252003333,8.14835248109707,0.514917070284665,0.423279412415789,0.45229463873405,3.54071141241579,0.490172084103797,3.08820330967866,4.22975611993169,3.63234907028466,0.621952106982202,3.10252880878974,4.24522216916808,3.56972663873405,0.695670986754749,3.11380378998708,4.15224456751457
"Mouse_NewITPdata_UMHET3_Liver_C2017_TJL_Control_Female.JL16314","C2017","TJL","Current","Mouse","UMHET3","Female","Liver","Liver","C2017_Female","Control","Control","GPL24247","RNAseq",660,1460,0.4520548,1240.5,1072,0.5320435,-2.985678,6.57720920456888,8.30302742000826,7.39103465261577,0.632687646714666,0.52184831597133,0.643666706873554,3.50752631597133,0.490172084103797,3.08820330967866,4.22975611993169,3.61836564671467,0.621952106982202,3.10252880878974,4.24522216916808,3.62934470687355,0.695670986754749,3.11380378998708,4.15224456751457
"Mouse_NewITPdata_UMHET3_Liver_C2017_TJL_Control_Female.JL16317","C2017","TJL","Current","Mouse","UMHET3","Female","Liver","Liver","C2017_Female","Control","Control","GPL24247","RNAseq",660,1460,0.4520548,1240.5,1072,0.5320435,-2.985678,6.51083500734436,7.82918892191509,7.12345748597514,0.457366557784174,0.560090821028691,0.534964003437977,3.54576882102869,0.490172084103797,3.08820330967866,4.22975611993169,3.44304455778417,0.621952106982202,3.10252880878974,4.24522216916808,3.52064200343798,0.695670986754749,3.11380378998708,4.15224456751457
"Mouse_NewITPdata_UMHET3_Liver_C2017_TJL_Control_Female.JLFemale1","C2017","TJL","Current","Mouse","UMHET3","Female","Liver","Liver","C2017_Female","Control","Control","GPL24247","RNAseq",150,1460,0.1027397,1240.5,1072,0.120919,-4.428207,-9.99854500586706,-8.00301497022417,-9.5955735418507,-0.604621485918543,-0.663779624935652,-0.823302683615544,3.76442737506435,0.490172084103797,3.08820330967866,4.22975611993169,3.82358551408146,0.621952106982202,3.10252880878974,4.24522216916808,3.60490431638445,0.695670986754749,3.11380378998708,4.15224456751457
"Mouse_NewITPdata_UMHET3_Liver_C2017_TJL_Control_Female.JLFemale2","C2017","TJL","Current","Mouse","UMHET3","Female","Liver","Liver","C2017_Female","Control","Control","GPL24247","RNAseq",150,1460,0.1027397,1240.5,1072,0.120919,-4.428207,-9.72562319022054,-7.80010395809944,-9.17641326979973,-0.615645922765199,-0.65267369531438,-0.770961708626837,3.77553330468562,0.490172084103797,3.08820330967866,4.22975611993169,3.8125610772348,0.621952106982202,3.10252880878974,4.24522216916808,3.65724529137316,0.695670986754749,3.11380378998708,4.15224456751457
"Mouse_NewITPdata_UMHET3_Liver_C2017_TJL_Leu_Female.JL16267","C2017","TJL","Current","Mouse","UMHET3","Female","Liver","Liver","C2017_Female","Leu","Compound","GPL24247","RNAseq",660,1460,0.4520548,1260.5,1085,0.5236017,-2.99676,6.37096297601048,7.44982413184367,7.30714519204746,0.40231224853963,0.349729309775445,0.518090642957885,3.34648930977545,0.490172084103797,3.08820330967866,4.22975611993169,3.39907224853963,0.621952106982202,3.10252880878974,4.24522216916808,3.51485064295789,0.695670986754749,3.11380378998708,4.15224456751457
"Mouse_NewITPdata_UMHET3_Liver_C2017_TJL_PB125_Female.JL16258","C2017","TJL","Current","Mouse","UMHET3","Female","Liver","Liver","C2017_Female","PB125","Compound","GPL24247","RNAseq",660,1460,0.4520548,1268,1091,0.5205047,-2.982511,4.88129392578313,7.45938680209597,6.47885245984811,0.447650172536547,0.436582772718457,0.54226067378734,3.41909377271846,0.490172084103797,3.08820330967866,4.22975611993169,3.43016117253655,0.621952106982202,3.10252880878974,4.24522216916808,3.52477167378734,0.695670986754749,3.11380378998708,4.15224456751457
"Mouse_NewITPdata_UMHET3_Liver_C2017_TJL_RaAc16_Female.JL16306","C2017","TJL","Current","Mouse","UMHET3","Female","Liver","Liver","C2017_Female","RaAc_16m","Compound","GPL24247","RNAseq",660,1460,0.4520548,1420,1234,0.4647887,-3.343985,3.78649987751027,6.01498124192963,4.7534947002069,0.172775041360831,0.128618595846604,0.185991530113787,3.4726035958466,0.490172084103797,3.08820330967866,4.22975611993169,3.51676004136083,0.621952106982202,3.10252880878974,4.24522216916808,3.52997653011379,0.695670986754749,3.11380378998708,4.15224456751457
"Mouse_NewITPdata_UMHET3_Liver_C2017_TJL_RaAc9_Female.JL16313","C2017","TJL","Current","Mouse","UMHET3","Female","Liver","Liver","C2017_Female","RaAc_9m","Compound","GPL24247","RNAseq",660,1460,0.4520548,1451,1285.5,0.4548587,-3.614429,5.0097879365321,7.52148242314583,6.14806799230285,0.00144640860241645,0.255448068675755,-0.0549896711866821,3.86987706867575,0.490172084103797,3.08820330967866,4.22975611993169,3.61587540860242,0.621952106982202,3.10252880878974,4.24522216916808,3.55943932881332,0.695670986754749,3.11380378998708,4.15224456751457
"Mouse_NewITPdata_UMHET3_Liver_C2017_TJL_Sul_Female.JL16262","C2017","TJL","Current","Mouse","UMHET3","Female","Liver","Liver","C2017_Female","Sul","Compound","GPL24247","RNAseq",660,1460,0.4520548,1237,1075.5,0.5335489,-3.035814,7.30773526796844,5.15163564197068,8.92652558755987,0.506763819119802,0.400715080487724,0.52365564895757,3.43652908048772,0.490172084103797,3.08820330967866,4.22975611993169,3.5425778191198,0.621952106982202,3.10252880878974,4.24522216916808,3.55946964895757,0.695670986754749,3.11380378998708,4.15224456751457
"Mouse_NewITPdata_UMHET3_Liver_C2017_TJL_Syr_Female.JL16279","C2017","TJL","Current","Mouse","UMHET3","Female","Liver","Liver","C2017_Female","Syr","Compound","GPL24247","RNAseq",660,1460,0.4520548,1257.5,1082,0.5248509,-2.987981,8.27878611134119,10.1151055768579,9.32201778401539,0.61894447032097,0.721392443827948,0.588997311339333,3.70937344382795,0.490172084103797,3.08820330967866,4.22975611993169,3.60692547032097,0.621952106982202,3.10252880878974,4.24522216916808,3.57697831133933,0.695670986754749,3.11380378998708,4.15224456751457
"Mouse_NewITPdata_UMHET3_Liver_C2017_UM_BD_Female.UM78757","C2017","UM","Current","Mouse","UMHET3","Female","Liver","Liver","C2017_Female","BD","Compound","GPL24247","RNAseq",660,1460,0.4520548,1289,1094,0.5120248,-2.954605,-1.09125779792581,4.80303897884379,-0.581007715756372,0.557988556527147,0.70184460900192,0.586402311829673,3.65644960900192,0.490172084103797,3.08820330967866,4.22975611993169,3.51259355652715,0.621952106982202,3.10252880878974,4.24522216916808,3.54100731182967,0.695670986754749,3.11380378998708,4.15224456751457
"Mouse_NewITPdata_UMHET3_Liver_C2017_UM_Capt_Female.UM79415","C2017","UM","Current","Mouse","UMHET3","Female","Liver","Liver","C2017_Female","Capt","Compound","GPL24247","RNAseq",690,1460,0.4726027,1291,1113,0.5344694,-2.978292,4.0147145731662,5.19813958169755,3.80437225700443,0.47065898015186,0.230227657150474,0.568012824918846,3.20851965715047,0.490172084103797,3.08820330967866,4.22975611993169,3.44895098015186,0.621952106982202,3.10252880878974,4.24522216916808,3.54630482491885,0.695670986754749,3.11380378998708,4.15224456751457
"Mouse_NewITPdata_UMHET3_Liver_C2017_UM_Control_Female.UM78967","C2017","UM","Current","Mouse","UMHET3","Female","Liver","Liver","C2017_Female","Control","Control","GPL24247","RNAseq",660,1460,0.4520548,1244,1082.5,0.5305466,-3.057149,5.58895944028375,7.43819411115567,5.54719857852988,0.477251555724595,0.651684809662861,0.431719609819137,3.70883380966286,0.490172084103797,3.08820330967866,4.22975611993169,3.53440055572459,0.621952106982202,3.10252880878974,4.24522216916808,3.48886860981914,0.695670986754749,3.11380378998708,4.15224456751457
"Mouse_NewITPdata_UMHET3_Liver_C2017_UM_Control_Female.UM78974","C2017","UM","Current","Mouse","UMHET3","Female","Liver","Liver","C2017_Female","Control","Control","GPL24247","RNAseq",660,1460,0.4520548,1244,1082.5,0.5305466,-3.057149,5.26561847301638,7.93943223778204,5.09632097451667,0.467329940302669,0.598042718313757,0.487118123216192,3.65519171831376,0.490172084103797,3.08820330967866,4.22975611993169,3.52447894030267,0.621952106982202,3.10252880878974,4.24522216916808,3.54426712321619,0.695670986754749,3.11380378998708,4.15224456751457
"Mouse_NewITPdata_UMHET3_Liver_C2017_UM_Control_Female.YC03","C2017","UM","Current","Mouse","UMHET3","Female","Liver","Liver","C2017_Female","Control","Control","GPL24247","RNAseq",180,1460,0.1232877,1244,1082.5,0.1446945,-4.484001,-9.03481573071698,-7.08839572689114,-8.53443939106469,-0.711320315845502,-0.725618274747119,-0.855806221787012,3.75838272525288,0.490172084103797,3.08820330967866,4.22975611993169,3.7726806841545,0.621952106982202,3.10252880878974,4.24522216916808,3.62819477821299,0.695670986754749,3.11380378998708,4.15224456751457
"Mouse_NewITPdata_UMHET3_Liver_C2017_UM_Control_Female.YC04","C2017","UM","Current","Mouse","UMHET3","Female","Liver","Liver","C2017_Female","Control","Control","GPL24247","RNAseq",180,1460,0.1232877,1244,1082.5,0.1446945,-4.484001,-8.80374693650235,-7.25409833740811,-8.12012942235861,-0.522451675863197,-0.575935441277757,-0.751364437914401,3.90806555872224,0.490172084103797,3.08820330967866,4.22975611993169,3.9615493241368,0.621952106982202,3.10252880878974,4.24522216916808,3.7326365620856,0.695670986754749,3.11380378998708,4.15224456751457
"Mouse_NewITPdata_UMHET3_Liver_C2017_UM_Leu_Female.UM78806","C2017","UM","Current","Mouse","UMHET3","Female","Liver","Liver","C2017_Female","Leu","Compound","GPL24247","RNAseq",660,1460,0.4520548,1285,1093,0.5136187,-2.956955,3.96130213033918,7.85845316197536,4.82565036148028,0.52210061053096,0.379559191208492,0.591736598645318,3.33651419120849,0.490172084103797,3.08820330967866,4.22975611993169,3.47905561053096,0.621952106982202,3.10252880878974,4.24522216916808,3.54869159864532,0.695670986754749,3.11380378998708,4.15224456751457
"Mouse_NewITPdata_UMHET3_Liver_C2017_UM_PB125_Female.UM78708","C2017","UM","Current","Mouse","UMHET3","Female","Liver","Liver","C2017_Female","PB125","Compound","GPL24247","RNAseq",660,1460,0.4520548,1227.5,1067.5,0.5376782,-2.998027,5.82416003588313,4.66343810888062,7.83335106080351,0.567622225237035,0.530272217779178,0.564820595653198,3.52829921777918,0.490172084103797,3.08820330967866,4.22975611993169,3.56564922523703,0.621952106982202,3.10252880878974,4.24522216916808,3.5628475956532,0.695670986754749,3.11380378998708,4.15224456751457
"Mouse_NewITPdata_UMHET3_Liver_C2017_UM_RaAc16_Female.UM78939","C2017","UM","Current","Mouse","UMHET3","Female","Liver","Liver","C2017_Female","RaAc_16m","Compound","GPL24247","RNAseq",660,1460,0.4520548,1387,1193.5,0.4758472,-3.198047,2.63175024707258,3.94821411445779,4.75326976984138,0.335672124941013,0.304891743572943,0.338995241801356,3.50293874357294,0.490172084103797,3.08820330967866,4.22975611993169,3.53371912494101,0.621952106982202,3.10252880878974,4.24522216916808,3.53704224180136,0.695670986754749,3.11380378998708,4.15224456751457
"Mouse_NewITPdata_UMHET3_Liver_C2017_UM_RaAc9_Female.UM79086","C2017","UM","Current","Mouse","UMHET3","Female","Liver","Liver","C2017_Female","RaAc_9m","Compound","GPL24247","RNAseq",660,1460,0.4520548,1398,1229.5,0.472103,-3.438297,3.67458403259586,4.94274101237958,5.45994511495807,0.204796710671186,0.476447296142274,0.132347267061115,3.91474429614227,0.490172084103797,3.08820330967866,4.22975611993169,3.64309371067119,0.621952106982202,3.10252880878974,4.24522216916808,3.57064426706111,0.695670986754749,3.11380378998708,4.15224456751457
"Mouse_NewITPdata_UMHET3_Liver_C2017_UM_Sul_Female.UM79198","C2017","UM","Current","Mouse","UMHET3","Female","Liver","Liver","C2017_Female","Sul","Compound","GPL24247","RNAseq",660,1460,0.4520548,1215.5,1046,0.5429864,-2.913195,2.25632078461694,4.39611617542782,3.89555491746968,0.528182399286737,0.458234142618746,0.64213112870148,3.37142914261875,0.490172084103797,3.08820330967866,4.22975611993169,3.44137739928674,0.621952106982202,3.10252880878974,4.24522216916808,3.55532612870148,0.695670986754749,3.11380378998708,4.15224456751457
"Mouse_NewITPdata_UMHET3_Liver_C2017_UM_Syr_Female.UM79016","C2017","UM","Current","Mouse","UMHET3","Female","Liver","Liver","C2017_Female","Syr","Compound","GPL24247","RNAseq",660,1460,0.4520548,1204,1044,0.5481728,-2.944872,11.2786153663107,10.7131501453621,12.077547646526,0.664281047146703,0.810703579346796,0.634980507290943,3.7555755793468,0.490172084103797,3.08820330967866,4.22975611993169,3.6091530471467,0.621952106982202,3.10252880878974,4.24522216916808,3.57985250729094,0.695670986754749,3.11380378998708,4.15224456751457
"Mouse_NewITPdata_UMHET3_Liver_C2017_UT_BD_Female.UT10906","C2017","UT","Current","Mouse","UMHET3","Female","Liver","Liver","C2017_Female","BD","Compound","GPL24247","RNAseq",660,1460,0.4520548,1281,1099.5,0.5152225,-3.00883,6.78788543666389,8.08981101069164,9.136044951334,0.518748677819979,0.74138912067706,0.547861501909946,3.75021912067706,0.490172084103797,3.08820330967866,4.22975611993169,3.52757867781998,0.621952106982202,3.10252880878974,4.24522216916808,3.55669150190995,0.695670986754749,3.11380378998708,4.15224456751457
"Mouse_NewITPdata_UMHET3_Liver_C2017_UT_Capt_Female.UT10994","C2017","UT","Current","Mouse","UMHET3","Female","Liver","Liver","C2017_Female","Capt","Compound","GPL24247","RNAseq",690,1460,0.4726027,1295.5,1114,0.5326129,-2.968522,9.55907701702909,9.44156489752608,8.95115948937795,0.549746544376104,0.582826646751347,0.593461459728015,3.55134864675135,0.490172084103797,3.08820330967866,4.22975611993169,3.5182685443761,0.621952106982202,3.10252880878974,4.24522216916808,3.56198345972802,0.695670986754749,3.11380378998708,4.15224456751457
"Mouse_NewITPdata_UMHET3_Liver_C2017_UT_Control_Female.UT10970","C2017","UT","Current","Mouse","UMHET3","Female","Liver","Liver","C2017_Female","Control","Control","GPL24247","RNAseq",660,1460,0.4520548,1218.5,1047.5,0.5416496,-2.909589,6.55365399755035,8.24390303160692,6.95592421573139,0.725583877221206,0.725746880332204,0.73792426063079,3.6353358803322,0.490172084103797,3.08820330967866,4.22975611993169,3.63517287722121,0.621952106982202,3.10252880878974,4.24522216916808,3.64751326063079,0.695670986754749,3.11380378998708,4.15224456751457
"Mouse_NewITPdata_UMHET3_Liver_C2017_UT_Control_Female.UT10971","C2017","UT","Current","Mouse","UMHET3","Female","Liver","Liver","C2017_Female","Control","Control","GPL24247","RNAseq",660,1460,0.4520548,1218.5,1047.5,0.5416496,-2.909589,6.02004642865423,8.67118749578813,5.942342013673,0.555425937655315,0.539424614650053,0.644126566673169,3.44901361465005,0.490172084103797,3.08820330967866,4.22975611993169,3.46501493765531,0.621952106982202,3.10252880878974,4.24522216916808,3.55371556667317,0.695670986754749,3.11380378998708,4.15224456751457
"Mouse_NewITPdata_UMHET3_Liver_C2017_UT_Control_Female.UTC19X.79","C2017","UT","Current","Mouse","UMHET3","Female","Liver","Liver","C2017_Female","Control","Control","GPL24247","RNAseq",660,1460,0.4520548,1218.5,1047.5,0.5416496,-2.909589,2.60429485978569,-0.0118735602456671,1.47143680120521,-0.0669395434377396,-0.529399845594047,0.311779752604882,2.38018915440595,0.490172084103797,3.08820330967866,4.22975611993169,2.84264945656226,0.621952106982202,3.10252880878974,4.24522216916808,3.22136875260488,0.695670986754749,3.11380378998708,4.15224456751457
"Mouse_NewITPdata_UMHET3_Liver_C2017_UT_Control_Female.UTC19X.80","C2017","UT","Current","Mouse","UMHET3","Female","Liver","Liver","C2017_Female","Control","Control","GPL24247","RNAseq",660,1460,0.4520548,1218.5,1047.5,0.5416496,-2.909589,1.76618121105313,-1.46594307012221,1.08742027938419,-0.115542261503328,-0.474427258309065,0.322375042389155,2.43516174169093,0.490172084103797,3.08820330967866,4.22975611993169,2.79404673849667,0.621952106982202,3.10252880878974,4.24522216916808,3.23196404238915,0.695670986754749,3.11380378998708,4.15224456751457
"Mouse_NewITPdata_UMHET3_Liver_C2017_UT_Leu_Female.UT11053","C2017","UT","Current","Mouse","UMHET3","Female","Liver","Liver","C2017_Female","Leu","Compound","GPL24247","RNAseq",660,1460,0.4520548,1278.5,1099,0.51623,-3.016841,5.69600209698182,7.83670299984367,6.70020676388612,0.465541565513021,0.460261275161687,0.520073267901618,3.47710227516169,0.490172084103797,3.08820330967866,4.22975611993169,3.48238256551302,0.621952106982202,3.10252880878974,4.24522216916808,3.53691426790162,0.695670986754749,3.11380378998708,4.15224456751457
"Mouse_NewITPdata_UMHET3_Liver_C2017_UT_PB125_Female.UT11049","C2017","UT","Current","Mouse","UMHET3","Female","Liver","Liver","C2017_Female","PB125","Compound","GPL24247","RNAseq",660,1460,0.4520548,1292,1101.5,0.5108359,-2.904432,11.6611983091356,8.12746868539506,10.7907343709998,0.764714506764272,0.717213176016526,0.668484088741635,3.62164517601653,0.490172084103797,3.08820330967866,4.22975611993169,3.66914650676427,0.621952106982202,3.10252880878974,4.24522216916808,3.57291608874163,0.695670986754749,3.11380378998708,4.15224456751457
"Mouse_NewITPdata_UMHET3_Liver_C2017_UT_RaAc9_Female.UT11008","C2017","UT","Current","Mouse","UMHET3","Female","Liver","Liver","C2017_Female","RaAc_9m","Compound","GPL24247","RNAseq",660,1460,0.4520548,1404,1260.5,0.4700855,-3.777677,7.86418649266066,7.19107010095311,9.82766341528528,0.467545169168079,0.452079119931685,0.374567567514568,4.22975611993169,0.490172084103797,3.08820330967866,4.22975611993169,4.24522216916808,0.621952106982202,3.10252880878974,4.24522216916808,4.15224456751457,0.695670986754749,3.11380378998708,4.15224456751457
"Mouse_NewITPdata_UMHET3_Liver_C2017_UT_RaAc16_Female.UT11019","C2017","UT","Current","Mouse","UMHET3","Female","Liver","Liver","C2017_Female","RaAc_16m","Compound","GPL24247","RNAseq",660,1460,0.4520548,1399,1205.5,0.4717655,-3.227887,5.23997668467784,7.89581592983513,6.22053675341079,0.0151005395071895,0.470542310540379,-0.166275984130301,3.69842931054038,0.490172084103797,3.08820330967866,4.22975611993169,3.24298753950719,0.621952106982202,3.10252880878974,4.24522216916808,3.0616110158697,0.695670986754749,3.11380378998708,4.15224456751457
"Mouse_NewITPdata_UMHET3_Liver_C2017_UT_Sul_Female.UT10924","C2017","UT","Current","Mouse","UMHET3","Female","Liver","Liver","C2017_Female","Sul","Compound","GPL24247","RNAseq",660,1460,0.4520548,1231.5,1059.5,0.5359318,-2.941692,8.55666507816472,8.62714668922846,9.63841439918414,0.68305287342821,0.584151770186165,0.630764085081501,3.52584377018617,0.490172084103797,3.08820330967866,4.22975611993169,3.62474487342821,0.621952106982202,3.10252880878974,4.24522216916808,3.5724560850815,0.695670986754749,3.11380378998708,4.15224456751457
"Mouse_NewITPdata_UMHET3_Liver_C2017_UT_Syr_Female.UT10937","C2017","UT","Current","Mouse","UMHET3","Female","Liver","Liver","C2017_Female","Syr","Compound","GPL24247","RNAseq",660,1460,0.4520548,1226,1058,0.5383361,-2.952135,2.73571112575242,2.81704753930214,2.67387906045924,0.520084621472582,0.332547080624115,0.574155093569986,3.28468208062411,0.490172084103797,3.08820330967866,4.22975611993169,3.47221962147258,0.621952106982202,3.10252880878974,4.24522216916808,3.52629009356999,0.695670986754749,3.11380378998708,4.15224456751457
"Mouse_NewITPdata_UMHET3_Liver_C2015_TJL_bGPA_Male.JL12769","C2015","TJL","Current","Mouse","UMHET3","Male","Liver","Liver","C2015_Male","bGPA","Compound","GPL24247","RNAseq",660,1460,0.4520548,1307.5,1052,0.5047801,-2.728955,1.71124453944,-1.39069444851825,3.67376182160788,0.198116518934383,0.178439203840476,0.12628792665439,2.90739420384048,0.490172084103797,3.08820330967866,4.22975611993169,2.92707151893438,0.621952106982202,3.10252880878974,4.24522216916808,2.85524292665439,0.695670986754749,3.11380378998708,4.15224456751457
"Mouse_NewITPdata_UMHET3_Liver_C2015_TJL_Control_Male.JL12700","C2015","TJL","Current","Mouse","UMHET3","Male","Liver","Liver","C2015_Male","Control","Control","GPL24247","RNAseq",660,1460,0.4520548,1305,1063,0.5057471,-2.770662,0.45903738660777,-0.366526182333068,0.242910010512936,0.166721096345046,-0.048240713645136,0.122318559088558,2.72242128635486,0.490172084103797,3.08820330967866,4.22975611993169,2.93738309634505,0.621952106982202,3.10252880878974,4.24522216916808,2.89298055908856,0.695670986754749,3.11380378998708,4.15224456751457
"Mouse_NewITPdata_UMHET3_Liver_C2015_TJL_Control_Male.JL12725","C2015","TJL","Current","Mouse","UMHET3","Male","Liver","Liver","C2015_Male","Control","Control","GPL24247","RNAseq",660,1460,0.4520548,1305,1063,0.5057471,-2.770662,0.402832259530421,-0.646875271925439,0.377400067778937,0.0616297290584284,0.29656255612075,0.000703405122106164,3.06722455612075,0.490172084103797,3.08820330967866,4.22975611993169,2.83229172905843,0.621952106982202,3.10252880878974,4.24522216916808,2.77136540512211,0.695670986754749,3.11380378998708,4.15224456751457
"Mouse_NewITPdata_UMHET3_Liver_C2015_TJL_Min_Male.JL12726","C2015","TJL","Current","Mouse","UMHET3","Male","Liver","Liver","C2015_Male","Min","Compound","GPL24247","RNAseq",660,1460,0.4520548,1252.5,1034.5,0.5269461,-2.746395,8.47799709359499,4.25540412875964,7.21494163347725,0.220312148401769,0.102936538021033,0.132625186679282,2.84933153802103,0.490172084103797,3.08820330967866,4.22975611993169,2.96670714840177,0.621952106982202,3.10252880878974,4.24522216916808,2.87902018667928,0.695670986754749,3.11380378998708,4.15224456751457
"Mouse_NewITPdata_UMHET3_Liver_C2015_TJL_MitoQ_Male.JL12767","C2015","TJL","Current","Mouse","UMHET3","Male","Liver","Liver","C2015_Male","MitoQ","Compound","GPL24247","RNAseq",660,1460,0.4520548,1361.5,1087.5,0.4847595,-2.769969,1.19913534689795,2.04686864034491,1.54397505362974,0.0903243390119002,0.0167440364187881,0.0940738219992204,2.78671303641879,0.490172084103797,3.08820330967866,4.22975611993169,2.8602933390119,0.621952106982202,3.10252880878974,4.24522216916808,2.86404282199922,0.695670986754749,3.11380378998708,4.15224456751457
"Mouse_NewITPdata_UMHET3_Liver_C2015_TJL_Rapa20hi_Male.JL12763","C2015","TJL","Current","Mouse","UMHET3","Male","Liver","Liver","C2015_Male","Rapa","Compound","GPL24247","RNAseq",660,1460,0.4520548,1383,1125,0.4772234,-2.887818,-1.05922885311128,-2.70164253590683,-0.189238656739174,-0.0364622956412363,0.129686119493741,-0.0364404069494235,3.01750411949374,0.490172084103797,3.08820330967866,4.22975611993169,2.85135570435876,0.621952106982202,3.10252880878974,4.24522216916808,2.85137759305058,0.695670986754749,3.11380378998708,4.15224456751457
"Mouse_NewITPdata_UMHET3_Liver_C2015_UM_DMAG_Male.UM58954","C2015","UM","Current","Mouse","UMHET3","Male","Liver","Liver","C2015_Male","DMAG","Compound","GPL24247","RNAseq",660,1460,0.4520548,1237,1034,0.5335489,-2.778779,0.0597275368496016,-1.68768908129493,-0.35648223376732,0.213359682096477,0.18673650616099,0.0876104310678192,2.96551550616099,0.490172084103797,3.08820330967866,4.22975611993169,2.99213868209648,0.621952106982202,3.10252880878974,4.24522216916808,2.86638943106782,0.695670986754749,3.11380378998708,4.15224456751457
"Mouse_NewITPdata_UMHET3_Liver_C2015_UM_bGPA_Male.UM59129","C2015","UM","Current","Mouse","UMHET3","Male","Liver","Liver","C2015_Male","bGPA","Compound","GPL24247","RNAseq",660,1460,0.4520548,1293,1029,0.5104408,-2.678068,-0.945083748646374,-2.76172297684864,-0.942742851029275,0.121725137919523,-0.0749248235786968,0.152319445492101,2.6031431764213,0.490172084103797,3.08820330967866,4.22975611993169,2.79979313791952,0.621952106982202,3.10252880878974,4.24522216916808,2.8303874454921,0.695670986754749,3.11380378998708,4.15224456751457
"Mouse_NewITPdata_UMHET3_Liver_C2015_UM_MitoQ_Male.UM60529","C2015","UM","Current","Mouse","UMHET3","Male","Liver","Liver","C2015_Male","MitoQ","Compound","GPL24247","RNAseq",660,1460,0.4520548,1289.5,1030.5,0.5118263,-2.683993,-0.543847004515082,-3.10144920984106,-1.82680561863873,0.124273356153962,0.0230228825286295,0.143720035942141,2.70701588252863,0.490172084103797,3.08820330967866,4.22975611993169,2.80826635615396,0.621952106982202,3.10252880878974,4.24522216916808,2.82771303594214,0.695670986754749,3.11380378998708,4.15224456751457
"Mouse_NewITPdata_UMHET3_Liver_C2015_UM_Rapa20hi_Male.UM58870","C2015","UM","Current","Mouse","UMHET3","Male","Liver","Liver","C2015_Male","Rapa","Compound","GPL24247","RNAseq",660,1460,0.4520548,1314,1103,0.5022831,-2.840555,0.98895002608761,-0.737657585930434,0.692501645341624,0.00797666554765388,-0.0366952096988916,0.0280500381136126,2.80385979030111,0.490172084103797,3.08820330967866,4.22975611993169,2.84853166554765,0.621952106982202,3.10252880878974,4.24522216916808,2.86860503811361,0.695670986754749,3.11380378998708,4.15224456751457
"Mouse_NewITPdata_UMHET3_Liver_C2015_UT_DMAG_Male.UT08543","C2015","UT","Current","Mouse","UMHET3","Male","Liver","Liver","C2015_Male","DMAG","Compound","GPL24247","RNAseq",660,1460,0.4520548,1303.5,1081.5,0.5063291,-2.844163,1.19068521349223,-2.26075931419046,0.0326376335770998,0.0467240000280661,0.0104491717483194,-0.000945232864520782,2.85461217174832,0.490172084103797,3.08820330967866,4.22975611993169,2.89088700002807,0.621952106982202,3.10252880878974,4.24522216916808,2.84321776713548,0.695670986754749,3.11380378998708,4.15224456751457
"Mouse_NewITPdata_UMHET3_Liver_C2015_UT_bGPA_Male.UT08493","C2015","UT","Current","Mouse","UMHET3","Male","Liver","Liver","C2015_Male","bGPA","Compound","GPL24247","RNAseq",660,1460,0.4520548,1285,1040.5,0.5136187,-2.723123,1.32782029618856,3.55774557285528,1.63230174562663,0.259185838268757,0.223402628566768,0.170311598185586,2.94652562856677,0.490172084103797,3.08820330967866,4.22975611993169,2.98230883826876,0.621952106982202,3.10252880878974,4.24522216916808,2.89343459818559,0.695670986754749,3.11380378998708,4.15224456751457
"Mouse_NewITPdata_UMHET3_Liver_C2015_UT_Control_Male.UT08486","C2015","UT","Current","Mouse","UMHET3","Male","Liver","Liver","C2015_Male","Control","Control","GPL24247","RNAseq",660,1460,0.4520548,1295.5,1044.5,0.5094558,-2.725263,0.58771944229011,0.697511025731501,0.347339462762272,0.0991355791370934,0.127123491104312,0.0829233277256532,2.85238649110431,0.490172084103797,3.08820330967866,4.22975611993169,2.82439857913709,0.621952106982202,3.10252880878974,4.24522216916808,2.80818632772565,0.695670986754749,3.11380378998708,4.15224456751457
"Mouse_NewITPdata_UMHET3_Liver_C2015_UT_Control_Male.UT08488","C2015","UT","Current","Mouse","UMHET3","Male","Liver","Liver","C2015_Male","Control","Control","GPL24247","RNAseq",660,1460,0.4520548,1295.5,1044.5,0.5094558,-2.725263,0.737062777986647,0.454624164032406,1.33556378995279,-0.0942866791427466,-0.158716858769145,0.0151214343546422,2.56654614123086,0.490172084103797,3.08820330967866,4.22975611993169,2.63097632085725,0.621952106982202,3.10252880878974,4.24522216916808,2.74038443435464,0.695670986754749,3.11380378998708,4.15224456751457
"Mouse_NewITPdata_UMHET3_Liver_C2015_UT_Min_Male.UT08533","C2015","UT","Current","Mouse","UMHET3","Male","Liver","Liver","C2015_Male","Min","Compound","GPL24247","RNAseq",660,1460,0.4520548,1310.5,1052.5,0.5036246,-2.727278,3.89862478223063,3.7533528203332,3.04448571396471,0.136359000708132,0.3000845879576,0.127411372658006,3.0273625879576,0.490172084103797,3.08820330967866,4.22975611993169,2.86363700070813,0.621952106982202,3.10252880878974,4.24522216916808,2.85468937265801,0.695670986754749,3.11380378998708,4.15224456751457
"Mouse_NewITPdata_UMHET3_Liver_C2015_UT_MitoQ_Male.UT08509","C2015","UT","Current","Mouse","UMHET3","Male","Liver","Liver","C2015_Male","MitoQ","Compound","GPL24247","RNAseq",660,1460,0.4520548,1299.5,1052.5,0.5078876,-2.7429,1.75274458716104,1.45773508392217,1.86970781360295,0.117987571250533,-0.155607676818896,0.142718683335976,2.5872923231811,0.490172084103797,3.08820330967866,4.22975611993169,2.86088757125053,0.621952106982202,3.10252880878974,4.24522216916808,2.88561868333598,0.695670986754749,3.11380378998708,4.15224456751457
"Mouse_NewITPdata_UMHET3_Liver_C2015_UT_Rapa20hi_Male.UT08510","C2015","UT","Current","Mouse","UMHET3","Male","Liver","Liver","C2015_Male","Rapa","Compound","GPL24247","RNAseq",660,1460,0.4520548,1400.5,1160,0.4712603,-2.883919,-1.07054075123603,-3.73655174315124,-1.05924066479324,0.000628306972873992,-0.106533112099774,-0.0233828106362765,2.77738588790023,0.490172084103797,3.08820330967866,4.22975611993169,2.88454730697287,0.621952106982202,3.10252880878974,4.24522216916808,2.86053618936372,0.695670986754749,3.11380378998708,4.15224456751457
"Mouse_NewITPdata_UMHET3_Liver_C2016_TJL_Cana_Male.JL14046","C2016","TJL","Current","Mouse","UMHET3","Male","Liver","Liver","C2016_Male","Cana","Compound","GPL24247","RNAseq",660,1460,0.4520548,1355,1149,0.4870849,-3.039801,1.52726148383414,0.634566945455908,1.35075708309637,-0.108954649764168,-0.276392890691599,-0.115484392363231,2.7634081093084,0.490172084103797,3.08820330967866,4.22975611993169,2.93084635023583,0.621952106982202,3.10252880878974,4.24522216916808,2.92431660763677,0.695670986754749,3.11380378998708,4.15224456751457
"Mouse_NewITPdata_UMHET3_Liver_C2016_TJL_CC_Male.JL14023","C2016","TJL","Current","Mouse","UMHET3","Male","Liver","Liver","C2016_Male","CC","Compound","GPL24247","RNAseq",660,1460,0.4520548,1292.5,1070,0.5106383,-2.870028,0.267468142390793,1.88384092558984,1.72740814702169,-0.0231224821844048,0.114759178126578,0.033528000102337,2.98478717812658,0.490172084103797,3.08820330967866,4.22975611993169,2.8469055178156,0.621952106982202,3.10252880878974,4.24522216916808,2.90355600010234,0.695670986754749,3.11380378998708,4.15224456751457
"Mouse_NewITPdata_UMHET3_Liver_C2016_TJL_Control_Male.JL14026","C2016","TJL","Current","Mouse","UMHET3","Male","Liver","Liver","C2016_Male","Control","Control","GPL24247","RNAseq",660,1460,0.4520548,1276,1036.5,0.5172414,-2.722665,2.37692102878505,3.51368668727961,2.50008193125502,0.159029037450074,0.326282407315705,0.106087291146406,3.04894740731571,0.490172084103797,3.08820330967866,4.22975611993169,2.88169403745007,0.621952106982202,3.10252880878974,4.24522216916808,2.82875229114641,0.695670986754749,3.11380378998708,4.15224456751457
"Mouse_NewITPdata_UMHET3_Liver_C2016_TJL_Control_Male.JL14027","C2016","TJL","Current","Mouse","UMHET3","Male","Liver","Liver","C2016_Male","Control","Control","GPL24247","RNAseq",660,1460,0.4520548,1276,1036.5,0.5172414,-2.722665,1.69948119936346,1.93761927192139,1.92859047985359,0.311287721016118,-0.0374035950562394,0.265664344965137,2.68526140494376,0.490172084103797,3.08820330967866,4.22975611993169,3.03395272101612,0.621952106982202,3.10252880878974,4.24522216916808,2.98832934496514,0.695670986754749,3.11380378998708,4.15224456751457
"Mouse_NewITPdata_UMHET3_Liver_C2016_TJL_GGA_Male.JL14095","C2016","TJL","Current","Mouse","UMHET3","Male","Liver","Liver","C2016_Male","GCA","Compound","GPL24247","RNAseq",660,1460,0.4520548,1234,1018.5,0.534846,-2.781358,2.02011830001555,5.15689395558501,2.43476807705716,0.0332417494308551,-0.0273120333723501,0.111602642492575,2.75404596662765,0.490172084103797,3.08820330967866,4.22975611993169,2.81459974943086,0.621952106982202,3.10252880878974,4.24522216916808,2.89296064249257,0.695670986754749,3.11380378998708,4.15224456751457
"Mouse_NewITPdata_UMHET3_Liver_C2016_TJL_Est16_Male.JL14008","C2016","TJL","Current","Mouse","UMHET3","Male","Liver","Liver","C2016_Male","17aE2_16m","Compound","GPL24247","RNAseq",660,1460,0.4520548,1286.5,1108,0.5130198,-2.794302,-0.0955844416348989,-0.654663460138893,0.246565895577094,-0.0981675768237198,-0.479392748711126,0.0732339438000028,2.31490925128887,0.490172084103797,3.08820330967866,4.22975611993169,2.69613442317628,0.621952106982202,3.10252880878974,4.24522216916808,2.8675359438,0.695670986754749,3.11380378998708,4.15224456751457
"Mouse_NewITPdata_UMHET3_Liver_C2016_TJL_MIF098_Male.JL14081","C2016","TJL","Current","Mouse","UMHET3","Male","Liver","Liver","C2016_Male","MIF098","Compound","GPL24247","RNAseq",660,1460,0.4520548,1272.5,1049.5,0.518664,-2.769747,-0.169830248536283,0.900098483174256,0.0117841869228789,0.0723708049063356,-0.158565986173889,0.12174435099519,2.61118101382611,0.490172084103797,3.08820330967866,4.22975611993169,2.84211780490634,0.621952106982202,3.10252880878974,4.24522216916808,2.89149135099519,0.695670986754749,3.11380378998708,4.15224456751457
"Mouse_NewITPdata_UMHET3_Liver_C2016_TJL_NR_Male.JL13970","C2016","TJL","Current","Mouse","UMHET3","Male","Liver","Liver","C2016_Male","NR","Compound","GPL24247","RNAseq",660,1460,0.4520548,1242,1009,0.531401,-2.700478,2.04727280077665,0.809436356989245,2.77394400260829,0.0950853027218712,0.0367368913845411,0.165871819024731,2.73721489138454,0.490172084103797,3.08820330967866,4.22975611993169,2.79556330272187,0.621952106982202,3.10252880878974,4.24522216916808,2.86634981902473,0.695670986754749,3.11380378998708,4.15224456751457
"Mouse_NewITPdata_UMHET3_Liver_C2016_UM_Cana_Male.UM69055","C2016","UM","Current","Mouse","UMHET3","Male","Liver","Liver","C2016_Male","Cana","Compound","GPL24247","RNAseq",660,1460,0.4520548,1370.5,1169.5,0.4815761,-3.1067,-5.97238432241836,-3.85781374771671,-6.78606412661218,-0.31257416360211,-0.51071446615226,-0.239388702861066,2.59598553384774,0.490172084103797,3.08820330967866,4.22975611993169,2.79412583639789,0.621952106982202,3.10252880878974,4.24522216916808,2.86731129713893,0.695670986754749,3.11380378998708,4.15224456751457
"Mouse_NewITPdata_UMHET3_Liver_C2016_UM_Cana_Male.UM69062","C2016","UM","Current","Mouse","UMHET3","Male","Liver","Liver","C2016_Male","Cana","Compound","GPL24247","RNAseq",660,1460,0.4520548,1370.5,1169.5,0.4815761,-3.1067,-0.644982227592447,1.70715630901889,-1.19167856564918,-0.095707662172493,-0.010154755490425,-0.179096261039387,3.09654524450958,0.490172084103797,3.08820330967866,4.22975611993169,3.01099233782751,0.621952106982202,3.10252880878974,4.24522216916808,2.92760373896061,0.695670986754749,3.11380378998708,4.15224456751457
"Mouse_NewITPdata_UMHET3_Liver_C2016_UM_Cana_Male.UM69622","C2016","UM","Current","Mouse","UMHET3","Male","Liver","Liver","C2016_Male","Cana","Compound","GPL24247","RNAseq",660,1460,0.4520548,1370.5,1169.5,0.4815761,-3.1067,1.04271429372257,-0.819826565328553,1.95953120866439,-0.0540061040824954,-0.127685395462095,-0.183030626621227,2.9790146045379,0.490172084103797,3.08820330967866,4.22975611993169,3.0526938959175,0.621952106982202,3.10252880878974,4.24522216916808,2.92366937337877,0.695670986754749,3.11380378998708,4.15224456751457
"Mouse_NewITPdata_UMHET3_Liver_C2016_UM_Cana_Male.UM69629","C2016","UM","Current","Mouse","UMHET3","Male","Liver","Liver","C2016_Male","Cana","Compound","GPL24247","RNAseq",660,1460,0.4520548,1370.5,1169.5,0.4815761,-3.1067,1.60673647267316,2.83547589335036,1.25527891485913,-0.0375530292125269,0.217834209613114,-0.180599805746488,3.32453420961311,0.490172084103797,3.08820330967866,4.22975611993169,3.06914697078747,0.621952106982202,3.10252880878974,4.24522216916808,2.92610019425351,0.695670986754749,3.11380378998708,4.15224456751457
"Mouse_NewITPdata_UMHET3_Liver_C2016_UM_Cana_Male.UM69951","C2016","UM","Current","Mouse","UMHET3","Male","Liver","Liver","C2016_Male","Cana","Compound","GPL24247","RNAseq",660,1460,0.4520548,1370.5,1169.5,0.4815761,-3.1067,0.139210059104694,2.3620212259388,-0.606645562717601,-0.15029101624466,-0.0258915479404379,-0.192890486274757,3.08080845205956,0.490172084103797,3.08820330967866,4.22975611993169,2.95640898375534,0.621952106982202,3.10252880878974,4.24522216916808,2.91380951372524,0.695670986754749,3.11380378998708,4.15224456751457
"Mouse_NewITPdata_UMHET3_Liver_C2016_UM_CC_Male.UM68369","C2016","UM","Current","Mouse","UMHET3","Male","Liver","Liver","C2016_Male","CC","Compound","GPL24247","RNAseq",660,1460,0.4520548,1283,1064.5,0.5144193,-2.904831,0.986935852067975,2.15760080785331,0.762680404651761,-0.00193767962297234,-0.0123986417807319,0.00859248615762782,2.89243235821927,0.490172084103797,3.08820330967866,4.22975611993169,2.90289332037703,0.621952106982202,3.10252880878974,4.24522216916808,2.91342348615763,0.695670986754749,3.11380378998708,4.15224456751457
"Mouse_NewITPdata_UMHET3_Liver_C2016_UM_Control_Male.UM68509","C2016","UM","Current","Mouse","UMHET3","Male","Liver","Liver","C2016_Male","Control","Control","GPL24247","RNAseq",660,1460,0.4520548,1308.5,1065.5,0.5043943,-2.772667,0.941711654864965,0.98900855578411,0.984360172362967,-0.203146619316347,-0.0738599113630758,0.0191299082584785,2.69880708863692,0.490172084103797,3.08820330967866,4.22975611993169,2.56952038068365,0.621952106982202,3.10252880878974,4.24522216916808,2.79179690825848,0.695670986754749,3.11380378998708,4.15224456751457
"Mouse_NewITPdata_UMHET3_Liver_C2016_UM_Control_Male.UM69643","C2016","UM","Current","Mouse","UMHET3","Male","Liver","Liver","C2016_Male","Control","Control","GPL24247","RNAseq",660,1460,0.4520548,1308.5,1065.5,0.5043943,-2.772667,1.47646935240923,2.5901566435935,1.15993315983474,0.0906709935986176,0.0156380259473139,0.0883782717565395,2.78830502594731,0.490172084103797,3.08820330967866,4.22975611993169,2.86333799359862,0.621952106982202,3.10252880878974,4.24522216916808,2.86104527175654,0.695670986754749,3.11380378998708,4.15224456751457
"Mouse_NewITPdata_UMHET3_Liver_C2016_UM_Control_Male.UM69804","C2016","UM","Current","Mouse","UMHET3","Male","Liver","Liver","C2016_Male","Control","Control","GPL24247","RNAseq",660,1460,0.4520548,1308.5,1065.5,0.5043943,-2.772667,2.75491406441774,5.42744496500979,3.02764810994388,0.155572602335283,0.392265078302398,0.178844387187491,3.1649320783024,0.490172084103797,3.08820330967866,4.22975611993169,2.92823960233528,0.621952106982202,3.10252880878974,4.24522216916808,2.95151138718749,0.695670986754749,3.11380378998708,4.15224456751457
"Mouse_NewITPdata_UMHET3_Liver_C2016_UM_Control_Male.UM69811","C2016","UM","Current","Mouse","UMHET3","Male","Liver","Liver","C2016_Male","Control","Control","GPL24247","RNAseq",660,1460,0.4520548,1308.5,1065.5,0.5043943,-2.772667,2.1211044249612,2.15664625294815,1.94065396431203,0.0391823076471158,-0.0263482277527812,0.0623570281152144,2.74631877224722,0.490172084103797,3.08820330967866,4.22975611993169,2.81184930764712,0.621952106982202,3.10252880878974,4.24522216916808,2.83502402811521,0.695670986754749,3.11380378998708,4.15224456751457
"Mouse_NewITPdata_UMHET3_Liver_C2016_UM_Control_Male.UM70133","C2016","UM","Current","Mouse","UMHET3","Male","Liver","Liver","C2016_Male","Control","Control","GPL24247","RNAseq",660,1460,0.4520548,1308.5,1065.5,0.5043943,-2.772667,2.01063898410251,3.70434869343949,2.50418972096943,-0.0726620000490568,0.0344463388913743,0.0391948345416915,2.80711333889137,0.490172084103797,3.08820330967866,4.22975611993169,2.70000499995094,0.621952106982202,3.10252880878974,4.24522216916808,2.81186183454169,0.695670986754749,3.11380378998708,4.15224456751457
"Mouse_NewITPdata_UMHET3_Liver_C2016_UM_Control_Male.UM70357","C2016","UM","Current","Mouse","UMHET3","Male","Liver","Liver","C2016_Male","Control","Control","GPL24247","RNAseq",660,1460,0.4520548,1308.5,1065.5,0.5043943,-2.772667,1.97676359022728,3.66119329858332,2.6150165411146,0.138150444216719,0.1461828548596,0.134883640173106,2.9188498548596,0.490172084103797,3.08820330967866,4.22975611993169,2.91081744421672,0.621952106982202,3.10252880878974,4.24522216916808,2.90755064017311,0.695670986754749,3.11380378998708,4.15224456751457
"Mouse_NewITPdata_UMHET3_Liver_C2016_UM_Control_Male.YC13","C2016","UM","Current","Mouse","UMHET3","Male","Liver","Liver","C2016_Male","Control","Control","GPL24247","RNAseq",120,1460,0.08219178,1308.5,1065.5,0.09170806,-3.826208,-15.7287608306436,-14.0956287473119,-15.1615821475911,-0.977767538520203,-0.946088408246304,-0.978977354273779,2.8801195917537,0.490172084103797,3.08820330967866,4.22975611993169,2.8484404614798,0.621952106982202,3.10252880878974,4.24522216916808,2.84723064572622,0.695670986754749,3.11380378998708,4.15224456751457
"Mouse_NewITPdata_UMHET3_Liver_C2016_UM_Control_Male.YC2","C2016","UM","Current","Mouse","UMHET3","Male","Liver","Liver","C2016_Male","Control","Control","GPL24247","RNAseq",120,1460,0.08219178,1308.5,1065.5,0.09170806,-3.826208,-15.1407764833579,-13.0014819442523,-14.3024844914431,-1.25377265650631,-1.05355656916661,-1.03318623418302,2.77265143083339,0.490172084103797,3.08820330967866,4.22975611993169,2.57243534349369,0.621952106982202,3.10252880878974,4.24522216916808,2.79302176581698,0.695670986754749,3.11380378998708,4.15224456751457
"Mouse_NewITPdata_UMHET3_Liver_C2016_UM_Est16_Male.UM68390","C2016","UM","Current","Mouse","UMHET3","Male","Liver","Liver","C2016_Male","17aE2_16m","Compound","GPL24247","RNAseq",660,1460,0.4520548,1312.5,1131,0.5028571,-2.966216,1.73387247887313,-1.2242243330112,3.68322061493196,-0.0536545895740536,-0.220163504856162,-0.0782715128713656,2.74605249514384,0.490172084103797,3.08820330967866,4.22975611993169,2.91256141042595,0.621952106982202,3.10252880878974,4.24522216916808,2.88794448712863,0.695670986754749,3.11380378998708,4.15224456751457
"Mouse_NewITPdata_UMHET3_Liver_C2016_UM_Est20_Male.UM70112","C2016","UM","Current","Mouse","UMHET3","Male","Liver","Liver","C2016_Male","17aE2_20m","Compound","GPL24247","RNAseq",660,1460,0.4520548,1343.5,1112,0.4912542,-3.113956,3.89386377028421,4.83409635545932,4.11436050175661,-0.0219738232814741,0.240855571342713,-0.176198349990219,3.35481157134271,0.490172084103797,3.08820330967866,4.22975611993169,3.09198217671853,0.621952106982202,3.10252880878974,4.24522216916808,2.93775765000978,0.695670986754749,3.11380378998708,4.15224456751457
"Mouse_NewITPdata_UMHET3_Liver_C2016_UM_GGA_Male.UM68243","C2016","UM","Current","Mouse","UMHET3","Male","Liver","Liver","C2016_Male","GCA","Compound","GPL24247","RNAseq",660,1460,0.4520548,1255,1061,0.5258964,-2.893381,2.89782488351056,5.04970320758895,3.75608272040935,0.0615188535983978,0.377288623156588,0.0203392438511314,3.27066962315659,0.490172084103797,3.08820330967866,4.22975611993169,2.9548998535984,0.621952106982202,3.10252880878974,4.24522216916808,2.91372024385113,0.695670986754749,3.11380378998708,4.15224456751457
"Mouse_NewITPdata_UMHET3_Liver_C2016_UM_MIF098_Male.UM68789","C2016","UM","Current","Mouse","UMHET3","Male","Liver","Liver","C2016_Male","MIF098","Compound","GPL24247","RNAseq",660,1460,0.4520548,1235.5,1041,0.5341967,-2.810927,-2.59703390864077,-1.84949763240712,-2.23401340204909,-0.0249675127899042,-0.469696205384494,0.0725539913355145,2.34123079461551,0.490172084103797,3.08820330967866,4.22975611993169,2.7859594872101,0.621952106982202,3.10252880878974,4.24522216916808,2.88348099133551,0.695670986754749,3.11380378998708,4.15224456751457
"Mouse_NewITPdata_UMHET3_Liver_C2016_UM_NR_Male.UM68656","C2016","UM","Current","Mouse","UMHET3","Male","Liver","Liver","C2016_Male","NR","Compound","GPL24247","RNAseq",660,1460,0.4520548,1271.5,1047.5,0.519072,-2.753179,0.261986362858102,1.7684169644209,0.0855665711376676,0.0863607949950913,0.00413485355099712,0.14178183146363,2.757313853551,0.490172084103797,3.08820330967866,4.22975611993169,2.83953979499509,0.621952106982202,3.10252880878974,4.24522216916808,2.89496083146363,0.695670986754749,3.11380378998708,4.15224456751457
"Mouse_NewITPdata_UMHET3_Liver_C2016_UT_CC_Male.UT09777","C2016","UT","Current","Mouse","UMHET3","Male","Liver","Liver","C2016_Male","CC","Compound","GPL24247","RNAseq",660,1460,0.4520548,1260,1034,0.5238095,-2.81036,1.72422314233383,0.657139046130465,2.88553209596442,-0.0330471472873385,-0.424546046483325,0.0860984694529362,2.38581395351668,0.490172084103797,3.08820330967866,4.22975611993169,2.77731285271266,0.621952106982202,3.10252880878974,4.24522216916808,2.89645846945294,0.695670986754749,3.11380378998708,4.15224456751457
"Mouse_NewITPdata_UMHET3_Liver_C2016_UT_Control_Male.UT09710","C2016","UT","Current","Mouse","UMHET3","Male","Liver","Liver","C2016_Male","Control","Control","GPL24247","RNAseq",660,1460,0.4520548,1278,1051.5,0.5164319,-2.773418,0.856118458740597,1.17627715750575,1.1723181558844,0.294388634115955,0.254334952234767,0.208509722309042,3.02775295223477,0.490172084103797,3.08820330967866,4.22975611993169,3.06780663411595,0.621952106982202,3.10252880878974,4.24522216916808,2.98192772230904,0.695670986754749,3.11380378998708,4.15224456751457
"Mouse_NewITPdata_UMHET3_Liver_C2016_UT_Control_Male.UT09711","C2016","UT","Current","Mouse","UMHET3","Male","Liver","Liver","C2016_Male","Control","Control","GPL24247","RNAseq",660,1460,0.4520548,1278,1051.5,0.5164319,-2.773418,1.94170179996994,1.94310582620612,1.7973875777302,0.112097989535839,-0.0875460317120064,0.0673042141527601,2.68587196828799,0.490172084103797,3.08820330967866,4.22975611993169,2.88551598953584,0.621952106982202,3.10252880878974,4.24522216916808,2.84072221415276,0.695670986754749,3.11380378998708,4.15224456751457
"Mouse_NewITPdata_UMHET3_Liver_C2016_UT_Est16_Male.UT09681","C2016","UT","Current","Mouse","UMHET3","Male","Liver","Liver","C2016_Male","17aE2_16m","Compound","GPL24247","RNAseq",660,1460,0.4520548,1355,1157.5,0.4870849,-3.172837,3.83701424282896,1.9670548390319,3.50778559967855,-0.188956328775502,-0.0484724167776931,-0.257423047430118,3.12436458322231,0.490172084103797,3.08820330967866,4.22975611993169,2.9838806712245,0.621952106982202,3.10252880878974,4.24522216916808,2.91541395256988,0.695670986754749,3.11380378998708,4.15224456751457
"Mouse_NewITPdata_UMHET3_Liver_C2016_UT_Est20_Male.UT09674","C2016","UT","Current","Mouse","UMHET3","Male","Liver","Liver","C2016_Male","17aE2_20m","Compound","GPL24247","RNAseq",660,1460,0.4520548,1332,1081.5,0.4954955,-3.089418,-0.595668205656011,-0.279417734479039,0.177028439509274,-0.143150209956963,-0.091354636323389,-0.168205963492353,2.99806336367661,0.490172084103797,3.08820330967866,4.22975611993169,2.94626779004304,0.621952106982202,3.10252880878974,4.24522216916808,2.92121203650765,0.695670986754749,3.11380378998708,4.15224456751457
"Mouse_NewITPdata_UMHET3_Liver_C2016_UT_MIF098_Male.UT09744","C2016","UT","Current","Mouse","UMHET3","Male","Liver","Liver","C2016_Male","MIF098","Compound","GPL24247","RNAseq",660,1460,0.4520548,1254,1050,0.5263158,-2.806179,-0.193741279695651,1.40352520225581,-0.888900788634995,-0.114409743867884,-0.0443603644518279,0.0445001740727858,2.76181863554817,0.490172084103797,3.08820330967866,4.22975611993169,2.69176925613212,0.621952106982202,3.10252880878974,4.24522216916808,2.85067917407279,0.695670986754749,3.11380378998708,4.15224456751457
"Mouse_NewITPdata_UMHET3_Liver_C2017_TJL_Capt_Male.JL16318","C2017","TJL","Current","Mouse","UMHET3","Male","Liver","Liver","C2017_Male","Capt","Compound","GPL24247","RNAseq",690,1460,0.4726027,1333.5,1092.5,0.5174353,-2.771724,4.0161728372415,4.25615436778649,3.63483969879333,0.243791565448329,0.264291373084926,0.211155135545133,3.03601537308493,0.490172084103797,3.08820330967866,4.22975611993169,3.01551556544833,0.621952106982202,3.10252880878974,4.24522216916808,2.98287913554513,0.695670986754749,3.11380378998708,4.15224456751457
"Mouse_NewITPdata_UMHET3_Liver_C2017_TJL_Control_Male.JL16270","C2017","TJL","Current","Mouse","UMHET3","Male","Liver","Liver","C2017_Male","Control","Control","GPL24247","RNAseq",660,1460,0.4520548,1318.5,1057,0.5005688,-2.736781,3.75454269057622,3.85846168019514,3.50335782682376,0.359774212675597,0.258820354223638,0.27241257312809,2.99560135422364,0.490172084103797,3.08820330967866,4.22975611993169,3.0965552126756,0.621952106982202,3.10252880878974,4.24522216916808,3.00919357312809,0.695670986754749,3.11380378998708,4.15224456751457
"Mouse_NewITPdata_UMHET3_Liver_C2017_TJL_Control_Male.JL16272","C2017","TJL","Current","Mouse","UMHET3","Male","Liver","Liver","C2017_Male","Control","Control","GPL24247","RNAseq",660,1460,0.4520548,1318.5,1057,0.5005688,-2.736781,3.98614056486976,4.85129533627409,3.96386390464938,0.471043650042331,0.618748580900368,0.336368460763993,3.35552958090037,0.490172084103797,3.08820330967866,4.22975611993169,3.20782465004233,0.621952106982202,3.10252880878974,4.24522216916808,3.07314946076399,0.695670986754749,3.11380378998708,4.15224456751457
"Mouse_NewITPdata_UMHET3_Liver_C2017_TJL_Control_Male.JLMale1","C2017","TJL","Current","Mouse","UMHET3","Male","Liver","Liver","C2017_Male","Control","Control","GPL24247","RNAseq",150,1460,0.1027397,1318.5,1057,0.1137656,-3.669566,-12.4800427260887,-11.3407897524726,-12.5433592728562,-0.836733309134907,-0.891110265257598,-0.751885025470009,2.7784557347424,0.490172084103797,3.08820330967866,4.22975611993169,2.83283269086509,0.621952106982202,3.10252880878974,4.24522216916808,2.91768097452999,0.695670986754749,3.11380378998708,4.15224456751457
"Mouse_NewITPdata_UMHET3_Liver_C2017_TJL_Control_Male.JLMale2","C2017","TJL","Current","Mouse","UMHET3","Male","Liver","Liver","C2017_Male","Control","Control","GPL24247","RNAseq",150,1460,0.1027397,1318.5,1057,0.1137656,-3.669566,-11.2337599500695,-9.99829839835118,-11.1681543133451,-0.468850422529502,-0.370764247829025,-0.558261971151827,3.29880175217097,0.490172084103797,3.08820330967866,4.22975611993169,3.2007155774705,0.621952106982202,3.10252880878974,4.24522216916808,3.11130402884817,0.695670986754749,3.11380378998708,4.15224456751457
"Mouse_NewITPdata_UMHET3_Liver_C2017_TJL_Leu_Male.JL16357","C2017","TJL","Current","Mouse","UMHET3","Male","Liver","Liver","C2017_Male","Leu","Compound","GPL24247","RNAseq",660,1460,0.4520548,1314.5,1020,0.5020921,-2.635409,0.491637353102516,-0.139196384434102,1.03036012900294,0.461143728217448,0.219389938346042,0.382481989187406,2.85479893834604,0.490172084103797,3.08820330967866,4.22975611993169,3.09655272821745,0.621952106982202,3.10252880878974,4.24522216916808,3.01789098918741,0.695670986754749,3.11380378998708,4.15224456751457
"Mouse_NewITPdata_UMHET3_Liver_C2017_TJL_PB125_Male.JL16253","C2017","TJL","Current","Mouse","UMHET3","Male","Liver","Liver","C2017_Male","PB125","Compound","GPL24247","RNAseq",660,1460,0.4520548,1348,1029,0.4896142,-2.639016,2.08033910397711,1.2243053137599,1.84266947359465,0.285202995696676,0.291735482171394,0.316391149989416,2.93075148217139,0.490172084103797,3.08820330967866,4.22975611993169,2.92421899569668,0.621952106982202,3.10252880878974,4.24522216916808,2.95540714998942,0.695670986754749,3.11380378998708,4.15224456751457
"Mouse_NewITPdata_UMHET3_Liver_C2017_TJL_RaAc9_Male.JL16321","C2017","TJL","Current","Mouse","UMHET3","Male","Liver","Liver","C2017_Male","RaAc_9m","Compound","GPL24247","RNAseq",660,1460,0.4520548,1534.5,1246.5,0.4301075,-2.968804,5.65436872314966,4.84935762416889,5.37726718319756,0.127637208087787,0.224774719641396,0.0452904276431036,3.1935787196414,0.490172084103797,3.08820330967866,4.22975611993169,3.09644120808779,0.621952106982202,3.10252880878974,4.24522216916808,3.0140944276431,0.695670986754749,3.11380378998708,4.15224456751457
"Mouse_NewITPdata_UMHET3_Liver_C2017_TJL_RaAc16_Male.JL16325","C2017","TJL","Current","Mouse","UMHET3","Male","Liver","Liver","C2017_Male","RaAc_16m","Compound","GPL24247","RNAseq",660,1460,0.4520548,1502,1159,0.4394141,-2.790686,1.68421379347355,2.90075272062527,1.29831992412951,0.145486397918079,0.401109330600788,0.134507176528606,3.19179533060079,0.490172084103797,3.08820330967866,4.22975611993169,2.93617239791808,0.621952106982202,3.10252880878974,4.24522216916808,2.92519317652861,0.695670986754749,3.11380378998708,4.15224456751457
"Mouse_NewITPdata_UMHET3_Liver_C2017_TJL_Syr_Male.JL16328","C2017","TJL","Current","Mouse","UMHET3","Male","Liver","Liver","C2017_Male","Syr","Compound","GPL24247","RNAseq",660,1460,0.4520548,1246,1002.5,0.529695,-2.649198,7.00728577909781,5.95093012984391,8.18879981735843,0.287257037133702,0.257905827037358,0.321485834328801,2.90710382703736,0.490172084103797,3.08820330967866,4.22975611993169,2.9364550371337,0.621952106982202,3.10252880878974,4.24522216916808,2.9706838343288,0.695670986754749,3.11380378998708,4.15224456751457
"Mouse_NewITPdata_UMHET3_Liver_C2017_UM_BD_Male.UM78617","C2017","UM","Current","Mouse","UMHET3","Male","Liver","Liver","C2017_Male","BD","Compound","GPL24247","RNAseq",660,1460,0.4520548,1315.5,1054.5,0.5017104,-2.728583,0.935387872255268,3.25316163891817,0.971902371075923,0.25474980029167,0.243859262963021,0.278591321188208,2.97244226296302,0.490172084103797,3.08820330967866,4.22975611993169,2.98333280029167,0.621952106982202,3.10252880878974,4.24522216916808,3.00717432118821,0.695670986754749,3.11380378998708,4.15224456751457
"Mouse_NewITPdata_UMHET3_Liver_C2017_UM_Capt_Male.UM79394","C2017","UM","Current","Mouse","UMHET3","Male","Liver","Liver","C2017_Male","Capt","Compound","GPL24247","RNAseq",660,1460,0.4520548,1364.5,1086.5,0.4836937,-2.768182,0.869313361025857,0.16657472511042,-0.80665633412786,0.27134502171089,0.104464492800343,0.220811465629923,2.87264649280034,0.490172084103797,3.08820330967866,4.22975611993169,3.03952702171089,0.621952106982202,3.10252880878974,4.24522216916808,2.98899346562992,0.695670986754749,3.11380378998708,4.15224456751457
"Mouse_NewITPdata_UMHET3_Liver_C2017_UM_Control_Male.UM78498","C2017","UM","Current","Mouse","UMHET3","Male","Liver","Liver","C2017_Male","Control","Control","GPL24247","RNAseq",660,1460,0.4520548,1296.5,1048,0.5090629,-2.733975,3.59403709693716,4.00349813831703,3.09710341757794,0.439343005192932,0.472224666652313,0.327952891707552,3.20619966665231,0.490172084103797,3.08820330967866,4.22975611993169,3.17331800519293,0.621952106982202,3.10252880878974,4.24522216916808,3.06192789170755,0.695670986754749,3.11380378998708,4.15224456751457
"Mouse_NewITPdata_UMHET3_Liver_C2017_UM_Control_Male.UM78505","C2017","UM","Current","Mouse","UMHET3","Male","Liver","Liver","C2017_Male","Control","Control","GPL24247","RNAseq",660,1460,0.4520548,1296.5,1048,0.5090629,-2.733975,3.78788492869708,4.53427192876769,3.01117977444183,0.183530439732133,0.138014507544577,0.187207820115583,2.87198950754458,0.490172084103797,3.08820330967866,4.22975611993169,2.91750543973213,0.621952106982202,3.10252880878974,4.24522216916808,2.92118282011558,0.695670986754749,3.11380378998708,4.15224456751457
"Mouse_NewITPdata_UMHET3_Liver_C2017_UM_Control_Male.YC05","C2017","UM","Current","Mouse","UMHET3","Male","Liver","Liver","C2017_Male","Control","Control","GPL24247","RNAseq",180,1460,0.1232877,1296.5,1048,0.1388353,-3.652081,-12.2905451054231,-12.2277906500994,-12.627480145423,-0.696827960816859,-0.652165534123598,-0.730832007068867,2.9999154658764,0.490172084103797,3.08820330967866,4.22975611993169,2.95525303918314,0.621952106982202,3.10252880878974,4.24522216916808,2.92124899293113,0.695670986754749,3.11380378998708,4.15224456751457
"Mouse_NewITPdata_UMHET3_Liver_C2017_UM_Leu_Male.UM79856","C2017","UM","Current","Mouse","UMHET3","Male","Liver","Liver","C2017_Male","Leu","Compound","GPL24247","RNAseq",660,1460,0.4520548,1265.5,989,0.521533,-2.595131,0.971293685184208,3.15724701595027,-0.357960608807991,0.222134286723116,0.268425661197723,0.328686548760303,2.86355666119772,0.490172084103797,3.08820330967866,4.22975611993169,2.81726528672312,0.621952106982202,3.10252880878974,4.24522216916808,2.9238175487603,0.695670986754749,3.11380378998708,4.15224456751457
"Mouse_NewITPdata_UMHET3_Liver_C2017_UM_PB125_Male.UM78883","C2017","UM","Current","Mouse","UMHET3","Male","Liver","Liver","C2017_Male","PB125","Compound","GPL24247","RNAseq",660,1460,0.4520548,1320,1037.5,0.5,-2.676121,4.93287442885177,1.36181135958001,2.6582937610534,0.367477384464736,0.233215285987128,0.307684725858159,2.90933628598713,0.490172084103797,3.08820330967866,4.22975611993169,3.04359838446474,0.621952106982202,3.10252880878974,4.24522216916808,2.98380572585816,0.695670986754749,3.11380378998708,4.15224456751457
"Mouse_NewITPdata_UMHET3_Liver_C2017_UM_RaAc9_Male.UM78449","C2017","UM","Current","Mouse","UMHET3","Male","Liver","Liver","C2017_Male","RaAc_9m","Compound","GPL24247","RNAseq",660,1460,0.4520548,1476,1254.5,0.4471545,-3.03778,0.517845159163251,1.03118935428248,-0.269187640356258,-0.0394492623546318,0.0611538383474097,-0.0637911090404158,3.09893383834741,0.490172084103797,3.08820330967866,4.22975611993169,2.99833073764537,0.621952106982202,3.10252880878974,4.24522216916808,2.97398889095958,0.695670986754749,3.11380378998708,4.15224456751457
"Mouse_NewITPdata_UMHET3_Liver_C2017_UM_RaAc16_Male.UM78519","C2017","UM","Current","Mouse","UMHET3","Male","Liver","Liver","C2017_Male","RaAc_16m","Compound","GPL24247","RNAseq",660,1460,0.4520548,1505.5,1166.5,0.4383926,-2.871529,3.06878169572131,3.243111660258,0.721219005226615,0.0458168982919242,-0.0507460229338623,0.0737325579524313,2.82078297706614,0.490172084103797,3.08820330967866,4.22975611993169,2.91734589829192,0.621952106982202,3.10252880878974,4.24522216916808,2.94526155795243,0.695670986754749,3.11380378998708,4.15224456751457
"Mouse_NewITPdata_UMHET3_Liver_C2017_UM_Sul_Male.UM79702","C2017","UM","Current","Mouse","UMHET3","Male","Liver","Liver","C2017_Male","Sul","Compound","GPL24247","RNAseq",660,1460,0.4520548,1332,1042,0.4954955,-2.676976,-1.86692364151715,-1.33318483935935,-2.05073167907079,0.241465982375599,0.204908258828634,0.279185147713615,2.88188425882863,0.490172084103797,3.08820330967866,4.22975611993169,2.9184419823756,0.621952106982202,3.10252880878974,4.24522216916808,2.95616114771361,0.695670986754749,3.11380378998708,4.15224456751457
"Mouse_NewITPdata_UMHET3_Liver_C2017_UM_Syr_Male.UM78645","C2017","UM","Current","Mouse","UMHET3","Male","Liver","Liver","C2017_Male","Syr","Compound","GPL24247","RNAseq",660,1460,0.4520548,1232,997,0.5357143,-2.647577,3.13746190170183,1.09032411458933,3.32920432664107,0.226975785232984,-0.170966487979585,0.323995111262117,2.47661051202042,0.490172084103797,3.08820330967866,4.22975611993169,2.87455278523298,0.621952106982202,3.10252880878974,4.24522216916808,2.97157211126212,0.695670986754749,3.11380378998708,4.15224456751457
"Mouse_NewITPdata_UMHET3_Liver_C2017_UT_BD_Male.UT11032","C2017","UT","Current","Mouse","UMHET3","Male","Liver","Liver","C2017_Male","BD","Compound","GPL24247","RNAseq",660,1460,0.4520548,1272.5,1047.5,0.518664,-2.772509,1.86061107164406,2.53790226848198,1.25414900056064,0.2842723252767,0.196604134388289,0.214381973089691,2.96911313438829,0.490172084103797,3.08820330967866,4.22975611993169,3.0567813252767,0.621952106982202,3.10252880878974,4.24522216916808,2.98689097308969,0.695670986754749,3.11380378998708,4.15224456751457
"Mouse_NewITPdata_UMHET3_Liver_C2017_UT_Capt_Male.UT11143","C2017","UT","Current","Mouse","UMHET3","Male","Liver","Liver","C2017_Male","Capt","Compound","GPL24247","RNAseq",690,1460,0.4726027,1378.5,1127,0.5005441,-2.821179,3.09694058301028,4.08515466394574,2.83800833565105,0.225620867433891,0.18168431211319,0.144417680703687,3.00286331211319,0.490172084103797,3.08820330967866,4.22975611993169,3.04679986743389,0.621952106982202,3.10252880878974,4.24522216916808,2.96559668070369,0.695670986754749,3.11380378998708,4.15224456751457
"Mouse_NewITPdata_UMHET3_Liver_C2017_UT_Control_Male.UT11012","C2017","UT","Current","Mouse","UMHET3","Male","Liver","Liver","C2017_Male","Control","Control","GPL24247","RNAseq",660,1460,0.4520548,1288.5,1017,0.5122235,-2.665371,4.20779753270014,3.78137894648788,4.27894569240617,0.4742959269111,0.305132057619158,0.411975418646149,2.97050305761916,0.490172084103797,3.08820330967866,4.22975611993169,3.1396669269111,0.621952106982202,3.10252880878974,4.24522216916808,3.07734641864615,0.695670986754749,3.11380378998708,4.15224456751457
"Mouse_NewITPdata_UMHET3_Liver_C2017_UT_Control_Male.UT11134","C2017","UT","Current","Mouse","UMHET3","Male","Liver","Liver","C2017_Male","Control","Control","GPL24247","RNAseq",660,1460,0.4520548,1288.5,1017,0.5122235,-2.665371,4.6949397154738,5.69104136011996,4.65002983154869,0.282069243722147,0.256066185202137,0.289167096313264,2.92143718520214,0.490172084103797,3.08820330967866,4.22975611993169,2.94744024372215,0.621952106982202,3.10252880878974,4.24522216916808,2.95453809631326,0.695670986754749,3.11380378998708,4.15224456751457
"Mouse_NewITPdata_UMHET3_Liver_C2017_UT_Control_Male.UTC19X.164","C2017","UT","Current","Mouse","UMHET3","Male","Liver","Liver","C2017_Male","Control","Control","GPL24247","RNAseq",660,1460,0.4520548,1288.5,1017,0.5122235,-2.665371,1.1011946703543,0.558899466346082,-0.0765818386576336,-0.190675365023974,-0.438895287626915,0.112447805806696,2.22647571237308,0.490172084103797,3.08820330967866,4.22975611993169,2.47469563497603,0.621952106982202,3.10252880878974,4.24522216916808,2.7778188058067,0.695670986754749,3.11380378998708,4.15224456751457
"Mouse_NewITPdata_UMHET3_Liver_C2017_UT_Control_Male.UTC19X.165","C2017","UT","Current","Mouse","UMHET3","Male","Liver","Liver","C2017_Male","Control","Control","GPL24247","RNAseq",660,1460,0.4520548,1288.5,1017,0.5122235,-2.665371,1.78500914724769,-0.13508765809315,0.239864438264612,-0.295144913472247,-0.521566806870876,0.0348677555077927,2.14380419312912,0.490172084103797,3.08820330967866,4.22975611993169,2.37022608652775,0.621952106982202,3.10252880878974,4.24522216916808,2.70023875550779,0.695670986754749,3.11380378998708,4.15224456751457
"Mouse_NewITPdata_UMHET3_Liver_C2017_UT_Leu_Male.UT11101","C2017","UT","Current","Mouse","UMHET3","Male","Liver","Liver","C2017_Male","Leu","Compound","GPL24247","RNAseq",660,1460,0.4520548,1242.5,983,0.5311871,-2.596488,4.71828167754545,3.92238596834906,4.93773315607629,0.276731050308462,0.11585160416202,0.371390811112197,2.71233960416202,0.490172084103797,3.08820330967866,4.22975611993169,2.87321905030846,0.621952106982202,3.10252880878974,4.24522216916808,2.9678788111122,0.695670986754749,3.11380378998708,4.15224456751457
"Mouse_NewITPdata_UMHET3_Liver_C2017_UT_PB125_Male.UT10974","C2017","UT","Current","Mouse","UMHET3","Male","Liver","Liver","C2017_Male","PB125","Compound","GPL24247","RNAseq",660,1460,0.4520548,1335,1044.5,0.494382,-2.680348,3.71747761407272,4.89653487804927,3.54625738656446,0.332695349649282,0.458883562268688,0.288175279302274,3.13923156226869,0.490172084103797,3.08820330967866,4.22975611993169,3.01304334964928,0.621952106982202,3.10252880878974,4.24522216916808,2.96852327930227,0.695670986754749,3.11380378998708,4.15224456751457
"Mouse_NewITPdata_UMHET3_Liver_C2017_UT_RaAc9_Male.UT10944","C2017","UT","Current","Mouse","UMHET3","Male","Liver","Liver","C2017_Male","RaAc_9m","Compound","GPL24247","RNAseq",660,1460,0.4520548,1521,1275,0.433925,-3.001439,5.53267979073251,2.86327760845891,5.27762600806449,0.0796450552873394,0.404848004171249,-0.00100269307685293,3.40628700417125,0.490172084103797,3.08820330967866,4.22975611993169,3.08108405528734,0.621952106982202,3.10252880878974,4.24522216916808,3.00043630692315,0.695670986754749,3.11380378998708,4.15224456751457
"Mouse_NewITPdata_UMHET3_Liver_C2017_UT_RaAc16_Male.UT11057","C2017","UT","Current","Mouse","UMHET3","Male","Liver","Liver","C2017_Male","RaAc_16m","Compound","GPL24247","RNAseq",660,1460,0.4520548,1465,1176.5,0.4505119,-2.901455,5.47126463562259,6.31934291102403,4.64434637672982,0.083119687648251,0.383905756984538,0.0634459297954929,3.28536075698454,0.490172084103797,3.08820330967866,4.22975611993169,2.98457468764825,0.621952106982202,3.10252880878974,4.24522216916808,2.96490092979549,0.695670986754749,3.11380378998708,4.15224456751457
"Mouse_NewITPdata_UMHET3_Liver_C2017_UT_Sul_Male.UT10960","C2017","UT","Current","Mouse","UMHET3","Male","Liver","Liver","C2017_Male","Sul","Compound","GPL24247","RNAseq",660,1460,0.4520548,1256,994.5,0.5254777,-2.612925,2.84205397365552,2.31176046948816,3.02249478373904,0.263139446526573,0.20294009477893,0.354172498393154,2.81586509477893,0.490172084103797,3.08820330967866,4.22975611993169,2.87606444652657,0.621952106982202,3.10252880878974,4.24522216916808,2.96709749839315,0.695670986754749,3.11380378998708,4.15224456751457
"Mouse_NewITPdata_UMHET3_Liver_C2017_UT_Syr_Male.UT11125","C2017","UT","Current","Mouse","UMHET3","Male","Liver","Liver","C2017_Male","Syr","Compound","GPL24247","RNAseq",660,1460,0.4520548,1242.5,1018,0.5311871,-2.706654,7.43265342188146,5.01230740835524,6.21336010032221,0.420889336219587,0.372349068703172,0.299756225990747,3.07900306870317,0.490172084103797,3.08820330967866,4.22975611993169,3.12754333621959,0.621952106982202,3.10252880878974,4.24522216916808,3.00641022599075,0.695670986754749,3.11380378998708,4.15224456751457
