Intervention,Year,No of Males,No of Females,
Control (2015),2015,300,280,
Control (2016),2016,303,304,
Control (2017),2017,300,280,
DMAG,2015,156,136,
Min,2015,156,136,
MitoQ,2015,156,136,
Rapa_Start_Stop,2015,153,136,
Rapa_Cycle,2015,159,136,
Rapa_Continuous,2015,156,136,
bGPA,2015,156,136,
Cana,2016,156,136,
17aE2_16m,2016,156,0,
17aE2_20m,2016,159,0,
CC,2016,156,136,
GGA,2016,156,136,
NR,2016,156,136,
MIF098,2016,156,136,
BD,2017,156,136,
Capt,2017,156,136,
Leu,2017,156,136,
PB125,2017,156,136,
RaAc_9m,2017,156,136,
RaAc_16m,2017,156,136,
Sul,2017,156,136,
Syr,2017,156,136,
Total Samples,,4338,3584,7922
,,,,
