Sample,Cohort,Lab,Source,Species,Strain,Sex,Tissue,Tissue.details,Group,Intervention,Intervention.type,Platform,Platform.type,Age.days,Lifespan.species.max,Age.Chronological.Normalized_by_species_max_lifespan,Estimate.Lifespan.99.9th_percentile,Estimate.Lifespan.90th_percentile,Age.Normalized_by_99.9th_percentile,Expected_Hazard.log10
Mouse_NewITPdata_UMHET3_Liver_C2015_TJL_DMAG_Female.JL12712,C2015,TJL,Current,Mouse,UMHET3,Female,Liver,Liver,C2015_Female,DMAG,Compound,GPL24247,RNAseq,660,1460,0.4520548,1264.5,1088,0.5219454,-3.002998
Mouse_NewITPdata_UMHET3_Liver_C2015_TJL_Control_Female.JL12702,C2015,TJL,Current,Mouse,UMHET3,Female,Liver,Liver,C2015_Female,Control,Control,GPL24247,RNAseq,660,1460,0.4520548,1309.5,1122,0.5040092,-3.041478
Mouse_NewITPdata_UMHET3_Liver_C2015_TJL_Control_Female.JL12705,C2015,TJL,Current,Mouse,UMHET3,Female,Liver,Liver,C2015_Female,Control,Control,GPL24247,RNAseq,660,1460,0.4520548,1309.5,1122,0.5040092,-3.041478
Mouse_NewITPdata_UMHET3_Liver_C2015_TJL_Min_Female.JL12683,C2015,TJL,Current,Mouse,UMHET3,Female,Liver,Liver,C2015_Female,Min,Compound,GPL24247,RNAseq,660,1460,0.4520548,1282,1109.5,0.5148206,-3.076456
Mouse_NewITPdata_UMHET3_Liver_C2015_TJL_MitoQ_Female.JL12749,C2015,TJL,Current,Mouse,UMHET3,Female,Liver,Liver,C2015_Female,MitoQ,Compound,GPL24247,RNAseq,660,1460,0.4520548,1320.5,1141,0.4998107,-3.125442
Mouse_NewITPdata_UMHET3_Liver_C2015_TJL_Rapa20hi_Female.JL12784,C2015,TJL,Current,Mouse,UMHET3,Female,Liver,Liver,C2015_Female,Rapa,Compound,GPL24247,RNAseq,660,1460,0.4520548,1432,1252,0.4608939,-3.139836
Mouse_NewITPdata_UMHET3_Liver_C2015_UM_DMAG_Female.UM60592,C2015,UM,Current,Mouse,UMHET3,Female,Liver,Liver,C2015_Female,DMAG,Compound,GPL24247,RNAseq,660,1460,0.4520548,1211.5,1050,0.5447792,-2.957943
Mouse_NewITPdata_UMHET3_Liver_C2015_UM_bGPA_Female.UM58800,C2015,UM,Current,Mouse,UMHET3,Female,Liver,Liver,C2015_Female,bGPA,Compound,GPL24247,RNAseq,660,1460,0.4520548,1292,1111,0.5108359,-2.96668
Mouse_NewITPdata_UMHET3_Liver_C2015_UM_Control_Female.UM59262,C2015,UM,Current,Mouse,UMHET3,Female,Liver,Liver,C2015_Female,Control,Control,GPL24247,RNAseq,660,1460,0.4520548,1254.5,1085.5,0.526106,-3.02592
Mouse_NewITPdata_UMHET3_Liver_C2015_UM_Control_Female.UM59283,C2015,UM,Current,Mouse,UMHET3,Female,Liver,Liver,C2015_Female,Control,Control,GPL24247,RNAseq,660,1460,0.4520548,1254.5,1085.5,0.526106,-3.02592
Mouse_NewITPdata_UMHET3_Liver_C2015_UM_Min_Female.UM59241,C2015,UM,Current,Mouse,UMHET3,Female,Liver,Liver,C2015_Female,Min,Compound,GPL24247,RNAseq,660,1460,0.4520548,1230.5,1065,0.5363673,-2.980208
Mouse_NewITPdata_UMHET3_Liver_C2015_UM_MitoQ_Female.UM60081,C2015,UM,Current,Mouse,UMHET3,Female,Liver,Liver,C2015_Female,MitoQ,Compound,GPL24247,RNAseq,660,1460,0.4520548,1241,1082.5,0.5318292,-3.070246
Mouse_NewITPdata_UMHET3_Liver_C2015_UM_Rapa20hi_Female.UM59367,C2015,UM,Current,Mouse,UMHET3,Female,Liver,Liver,C2015_Female,Rapa,Compound,GPL24247,RNAseq,660,1460,0.4520548,1425,1218,0.4631579,-3.059717
Mouse_NewITPdata_UMHET3_Liver_C2015_UT_DMAG_Female.UT08576,C2015,UT,Current,Mouse,UMHET3,Female,Liver,Liver,C2015_Female,DMAG,Compound,GPL24247,RNAseq,660,1460,0.4520548,1255,1084.5,0.5258964,-3.014843
Mouse_NewITPdata_UMHET3_Liver_C2015_UT_Control_Female.UT08516,C2015,UT,Current,Mouse,UMHET3,Female,Liver,Liver,C2015_Female,Control,Control,GPL24247,RNAseq,660,1460,0.4520548,1249,1083.5,0.5284227,-3.035492
Mouse_NewITPdata_UMHET3_Liver_C2015_UT_Min_Female.UT08459,C2015,UT,Current,Mouse,UMHET3,Female,Liver,Liver,C2015_Female,Min,Compound,GPL24247,RNAseq,660,1460,0.4520548,1273.5,1099.5,0.5182568,-3.044441
Mouse_NewITPdata_UMHET3_Liver_C2015_UT_MitoQ_Female.UT08579,C2015,UT,Current,Mouse,UMHET3,Female,Liver,Liver,C2015_Female,MitoQ,Compound,GPL24247,RNAseq,660,1460,0.4520548,1251,1083,0.5275779,-3.024685
Mouse_NewITPdata_UMHET3_Liver_C2016_TJL_Cana_Female.JL13987,C2016,TJL,Current,Mouse,UMHET3,Female,Liver,Liver,C2016_Female,Cana,Compound,GPL24247,RNAseq,660,1460,0.4520548,1296.5,1113.5,0.5090629,-3.04264
Mouse_NewITPdata_UMHET3_Liver_C2016_TJL_CC_Female.JL14039,C2016,TJL,Current,Mouse,UMHET3,Female,Liver,Liver,C2016_Female,CC,Compound,GPL24247,RNAseq,660,1460,0.4520548,1310,1124,0.5038168,-3.055358
Mouse_NewITPdata_UMHET3_Liver_C2016_TJL_Control_Female.JL13948,C2016,TJL,Current,Mouse,UMHET3,Female,Liver,Liver,C2016_Female,Control,Control,GPL24247,RNAseq,660,1460,0.4520548,1241.5,1078,0.531615,-2.991489
Mouse_NewITPdata_UMHET3_Liver_C2016_TJL_Control_Female.JL13949,C2016,TJL,Current,Mouse,UMHET3,Female,Liver,Liver,C2016_Female,Control,Control,GPL24247,RNAseq,660,1460,0.4520548,1241.5,1078,0.531615,-2.991489
Mouse_NewITPdata_UMHET3_Liver_C2016_TJL_GGA_Female.JL13903,C2016,TJL,Current,Mouse,UMHET3,Female,Liver,Liver,C2016_Female,GGA,Compound,GPL24247,RNAseq,660,1460,0.4520548,1233,1076.5,0.5352798,-3.040589
Mouse_NewITPdata_UMHET3_Liver_C2016_TJL_NR_Female.JL14032,C2016,TJL,Current,Mouse,UMHET3,Female,Liver,Liver,C2016_Female,NR,Compound,GPL24247,RNAseq,660,1460,0.4520548,1270,1103,0.519685,-3.004083
Mouse_NewITPdata_UMHET3_Liver_C2016_UM_Cana_Female.UM68719,C2016,UM,Current,Mouse,UMHET3,Female,Liver,Liver,C2016_Female,Cana,Compound,GPL24247,RNAseq,660,1460,0.4520548,1297,1105.5,0.5088666,-2.989429
Mouse_NewITPdata_UMHET3_Liver_C2016_UM_Cana_Female.UM68726,C2016,UM,Current,Mouse,UMHET3,Female,Liver,Liver,C2016_Female,Cana,Compound,GPL24247,RNAseq,660,1460,0.4520548,1297,1105.5,0.5088666,-2.989429
Mouse_NewITPdata_UMHET3_Liver_C2016_UM_Cana_Female.UM68831,C2016,UM,Current,Mouse,UMHET3,Female,Liver,Liver,C2016_Female,Cana,Compound,GPL24247,RNAseq,660,1460,0.4520548,1297,1105.5,0.5088666,-2.989429
Mouse_NewITPdata_UMHET3_Liver_C2016_UM_Cana_Female.UM69594,C2016,UM,Current,Mouse,UMHET3,Female,Liver,Liver,C2016_Female,Cana,Compound,GPL24247,RNAseq,660,1460,0.4520548,1297,1105.5,0.5088666,-2.989429
Mouse_NewITPdata_UMHET3_Liver_C2016_UM_CC_Female.UM69006,C2016,UM,Current,Mouse,UMHET3,Female,Liver,Liver,C2016_Female,CC,Compound,GPL24247,RNAseq,660,1460,0.4520548,1210,1052,0.5454545,-2.978751
Mouse_NewITPdata_UMHET3_Liver_C2016_UM_Control_Female.UM68530,C2016,UM,Current,Mouse,UMHET3,Female,Liver,Liver,C2016_Female,Control,Control,GPL24247,RNAseq,660,1460,0.4520548,1222.5,1063,0.5398773,-3.007059
Mouse_NewITPdata_UMHET3_Liver_C2016_UM_Control_Female.UM69468,C2016,UM,Current,Mouse,UMHET3,Female,Liver,Liver,C2016_Female,Control,Control,GPL24247,RNAseq,660,1460,0.4520548,1222.5,1063,0.5398773,-3.007059
Mouse_NewITPdata_UMHET3_Liver_C2016_UM_Control_Female.UM70217,C2016,UM,Current,Mouse,UMHET3,Female,Liver,Liver,C2016_Female,Control,Control,GPL24247,RNAseq,660,1460,0.4520548,1222.5,1063,0.5398773,-3.007059
Mouse_NewITPdata_UMHET3_Liver_C2016_UM_Control_Female.UM70224,C2016,UM,Current,Mouse,UMHET3,Female,Liver,Liver,C2016_Female,Control,Control,GPL24247,RNAseq,660,1460,0.4520548,1222.5,1063,0.5398773,-3.007059
Mouse_NewITPdata_UMHET3_Liver_C2016_UM_Control_Female.UM70231,C2016,UM,Current,Mouse,UMHET3,Female,Liver,Liver,C2016_Female,Control,Control,GPL24247,RNAseq,660,1460,0.4520548,1222.5,1063,0.5398773,-3.007059
Mouse_NewITPdata_UMHET3_Liver_C2016_UM_Control_Female.UM70364,C2016,UM,Current,Mouse,UMHET3,Female,Liver,Liver,C2016_Female,Control,Control,GPL24247,RNAseq,660,1460,0.4520548,1222.5,1063,0.5398773,-3.007059
Mouse_NewITPdata_UMHET3_Liver_C2016_UM_Control_Female.YC11,C2016,UM,Current,Mouse,UMHET3,Female,Liver,Liver,C2016_Female,Control,Control,GPL24247,RNAseq,120,1460,0.08219178,1222.5,1063,0.09815951,-4.638564
Mouse_NewITPdata_UMHET3_Liver_C2016_UM_Control_Female.YC12,C2016,UM,Current,Mouse,UMHET3,Female,Liver,Liver,C2016_Female,Control,Control,GPL24247,RNAseq,120,1460,0.08219178,1222.5,1063,0.09815951,-4.638564
Mouse_NewITPdata_UMHET3_Liver_C2016_UM_GGA_Female.UM68628,C2016,UM,Current,Mouse,UMHET3,Female,Liver,Liver,C2016_Female,GGA,Compound,GPL24247,RNAseq,660,1460,0.4520548,1213.5,1064.5,0.5438813,-2.942375
Mouse_NewITPdata_UMHET3_Liver_C2016_UM_MIF098_Female.UM68292,C2016,UM,Current,Mouse,UMHET3,Female,Liver,Liver,C2016_Female,MIF098,Compound,GPL24247,RNAseq,660,1460,0.4520548,1153,1013,0.5724198,-2.92077
Mouse_NewITPdata_UMHET3_Liver_C2016_UM_NR_Female.UM68341,C2016,UM,Current,Mouse,UMHET3,Female,Liver,Liver,C2016_Female,NR,Compound,GPL24247,RNAseq,660,1460,0.4520548,1175.5,1022.5,0.5614632,-2.885837
Mouse_NewITPdata_UMHET3_Liver_C2016_UT_Cana_Female.UT09523,C2016,UT,Current,Mouse,UMHET3,Female,Liver,Liver,C2016_Female,Cana,Compound,GPL24247,RNAseq,660,1460,0.4520548,1242.5,1066.5,0.5311871,-2.944454
Mouse_NewITPdata_UMHET3_Liver_C2016_UT_Control_Female.UT09506,C2016,UT,Current,Mouse,UMHET3,Female,Liver,Liver,C2016_Female,Control,Control,GPL24247,RNAseq,660,1460,0.4520548,1254.5,1082,0.526106,-2.998485
Mouse_NewITPdata_UMHET3_Liver_C2016_UT_GGA_Female.UT09642,C2016,UT,Current,Mouse,UMHET3,Female,Liver,Liver,C2016_Female,GGA,Compound,GPL24247,RNAseq,660,1460,0.4520548,1230.5,1070.5,0.5363673,-3.007808
Mouse_NewITPdata_UMHET3_Liver_C2017_TJL_BD_Female.JL16221,C2017,TJL,Current,Mouse,UMHET3,Female,Liver,Liver,C2017_Female,BD,Compound,GPL24247,RNAseq,660,1460,0.4520548,1263,1103.5,0.5225653,-3.14161
Mouse_NewITPdata_UMHET3_Liver_C2017_TJL_Capt_Female.JL16257,C2017,TJL,Current,Mouse,UMHET3,Female,Liver,Liver,C2017_Female,Capt,Compound,GPL24247,RNAseq,660,1460,0.4520548,1354,1161,0.4874446,-3.117432
Mouse_NewITPdata_UMHET3_Liver_C2017_TJL_Control_Female.JL16314,C2017,TJL,Current,Mouse,UMHET3,Female,Liver,Liver,C2017_Female,Control,Control,GPL24247,RNAseq,660,1460,0.4520548,1240.5,1072,0.5320435,-2.985678
Mouse_NewITPdata_UMHET3_Liver_C2017_TJL_Control_Female.JL16317,C2017,TJL,Current,Mouse,UMHET3,Female,Liver,Liver,C2017_Female,Control,Control,GPL24247,RNAseq,660,1460,0.4520548,1240.5,1072,0.5320435,-2.985678
Mouse_NewITPdata_UMHET3_Liver_C2017_TJL_Control_Female.JLFemale1,C2017,TJL,Current,Mouse,UMHET3,Female,Liver,Liver,C2017_Female,Control,Control,GPL24247,RNAseq,150,1460,0.1027397,1240.5,1072,0.120919,-4.428207
Mouse_NewITPdata_UMHET3_Liver_C2017_TJL_Control_Female.JLFemale2,C2017,TJL,Current,Mouse,UMHET3,Female,Liver,Liver,C2017_Female,Control,Control,GPL24247,RNAseq,150,1460,0.1027397,1240.5,1072,0.120919,-4.428207
Mouse_NewITPdata_UMHET3_Liver_C2017_TJL_Leu_Female.JL16267,C2017,TJL,Current,Mouse,UMHET3,Female,Liver,Liver,C2017_Female,Leu,Compound,GPL24247,RNAseq,660,1460,0.4520548,1260.5,1085,0.5236017,-2.99676
Mouse_NewITPdata_UMHET3_Liver_C2017_TJL_PB125_Female.JL16258,C2017,TJL,Current,Mouse,UMHET3,Female,Liver,Liver,C2017_Female,PB125,Compound,GPL24247,RNAseq,660,1460,0.4520548,1268,1091,0.5205047,-2.982511
Mouse_NewITPdata_UMHET3_Liver_C2017_TJL_RaAc16_Female.JL16306,C2017,TJL,Current,Mouse,UMHET3,Female,Liver,Liver,C2017_Female,RaAc_16m,Compound,GPL24247,RNAseq,660,1460,0.4520548,1420,1234,0.4647887,-3.343985
Mouse_NewITPdata_UMHET3_Liver_C2017_TJL_RaAc9_Female.JL16313,C2017,TJL,Current,Mouse,UMHET3,Female,Liver,Liver,C2017_Female,RaAc_9m,Compound,GPL24247,RNAseq,660,1460,0.4520548,1451,1285.5,0.4548587,-3.614429
Mouse_NewITPdata_UMHET3_Liver_C2017_TJL_Sul_Female.JL16262,C2017,TJL,Current,Mouse,UMHET3,Female,Liver,Liver,C2017_Female,Sul,Compound,GPL24247,RNAseq,660,1460,0.4520548,1237,1075.5,0.5335489,-3.035814
Mouse_NewITPdata_UMHET3_Liver_C2017_TJL_Syr_Female.JL16279,C2017,TJL,Current,Mouse,UMHET3,Female,Liver,Liver,C2017_Female,Syr,Compound,GPL24247,RNAseq,660,1460,0.4520548,1257.5,1082,0.5248509,-2.987981
Mouse_NewITPdata_UMHET3_Liver_C2017_UM_BD_Female.UM78757,C2017,UM,Current,Mouse,UMHET3,Female,Liver,Liver,C2017_Female,BD,Compound,GPL24247,RNAseq,660,1460,0.4520548,1289,1094,0.5120248,-2.954605
Mouse_NewITPdata_UMHET3_Liver_C2017_UM_Capt_Female.UM79415,C2017,UM,Current,Mouse,UMHET3,Female,Liver,Liver,C2017_Female,Capt,Compound,GPL24247,RNAseq,690,1460,0.4726027,1291,1113,0.5344694,-2.978292
Mouse_NewITPdata_UMHET3_Liver_C2017_UM_Control_Female.UM78967,C2017,UM,Current,Mouse,UMHET3,Female,Liver,Liver,C2017_Female,Control,Control,GPL24247,RNAseq,660,1460,0.4520548,1244,1082.5,0.5305466,-3.057149
Mouse_NewITPdata_UMHET3_Liver_C2017_UM_Control_Female.UM78974,C2017,UM,Current,Mouse,UMHET3,Female,Liver,Liver,C2017_Female,Control,Control,GPL24247,RNAseq,660,1460,0.4520548,1244,1082.5,0.5305466,-3.057149
Mouse_NewITPdata_UMHET3_Liver_C2017_UM_Control_Female.YC03,C2017,UM,Current,Mouse,UMHET3,Female,Liver,Liver,C2017_Female,Control,Control,GPL24247,RNAseq,180,1460,0.1232877,1244,1082.5,0.1446945,-4.484001
Mouse_NewITPdata_UMHET3_Liver_C2017_UM_Control_Female.YC04,C2017,UM,Current,Mouse,UMHET3,Female,Liver,Liver,C2017_Female,Control,Control,GPL24247,RNAseq,180,1460,0.1232877,1244,1082.5,0.1446945,-4.484001
Mouse_NewITPdata_UMHET3_Liver_C2017_UM_Leu_Female.UM78806,C2017,UM,Current,Mouse,UMHET3,Female,Liver,Liver,C2017_Female,Leu,Compound,GPL24247,RNAseq,660,1460,0.4520548,1285,1093,0.5136187,-2.956955
Mouse_NewITPdata_UMHET3_Liver_C2017_UM_PB125_Female.UM78708,C2017,UM,Current,Mouse,UMHET3,Female,Liver,Liver,C2017_Female,PB125,Compound,GPL24247,RNAseq,660,1460,0.4520548,1227.5,1067.5,0.5376782,-2.998027
Mouse_NewITPdata_UMHET3_Liver_C2017_UM_RaAc16_Female.UM78939,C2017,UM,Current,Mouse,UMHET3,Female,Liver,Liver,C2017_Female,RaAc_16m,Compound,GPL24247,RNAseq,660,1460,0.4520548,1387,1193.5,0.4758472,-3.198047
Mouse_NewITPdata_UMHET3_Liver_C2017_UM_RaAc9_Female.UM79086,C2017,UM,Current,Mouse,UMHET3,Female,Liver,Liver,C2017_Female,RaAc_9m,Compound,GPL24247,RNAseq,660,1460,0.4520548,1398,1229.5,0.472103,-3.438297
Mouse_NewITPdata_UMHET3_Liver_C2017_UM_Sul_Female.UM79198,C2017,UM,Current,Mouse,UMHET3,Female,Liver,Liver,C2017_Female,Sul,Compound,GPL24247,RNAseq,660,1460,0.4520548,1215.5,1046,0.5429864,-2.913195
Mouse_NewITPdata_UMHET3_Liver_C2017_UM_Syr_Female.UM79016,C2017,UM,Current,Mouse,UMHET3,Female,Liver,Liver,C2017_Female,Syr,Compound,GPL24247,RNAseq,660,1460,0.4520548,1204,1044,0.5481728,-2.944872
Mouse_NewITPdata_UMHET3_Liver_C2017_UT_BD_Female.UT10906,C2017,UT,Current,Mouse,UMHET3,Female,Liver,Liver,C2017_Female,BD,Compound,GPL24247,RNAseq,660,1460,0.4520548,1281,1099.5,0.5152225,-3.00883
Mouse_NewITPdata_UMHET3_Liver_C2017_UT_Capt_Female.UT10994,C2017,UT,Current,Mouse,UMHET3,Female,Liver,Liver,C2017_Female,Capt,Compound,GPL24247,RNAseq,690,1460,0.4726027,1295.5,1114,0.5326129,-2.968522
Mouse_NewITPdata_UMHET3_Liver_C2017_UT_Control_Female.UT10970,C2017,UT,Current,Mouse,UMHET3,Female,Liver,Liver,C2017_Female,Control,Control,GPL24247,RNAseq,660,1460,0.4520548,1218.5,1047.5,0.5416496,-2.909589
Mouse_NewITPdata_UMHET3_Liver_C2017_UT_Control_Female.UT10971,C2017,UT,Current,Mouse,UMHET3,Female,Liver,Liver,C2017_Female,Control,Control,GPL24247,RNAseq,660,1460,0.4520548,1218.5,1047.5,0.5416496,-2.909589
Mouse_NewITPdata_UMHET3_Liver_C2017_UT_Control_Female.UTC19X.79,C2017,UT,Current,Mouse,UMHET3,Female,Liver,Liver,C2017_Female,Control,Control,GPL24247,RNAseq,660,1460,0.4520548,1218.5,1047.5,0.5416496,-2.909589
Mouse_NewITPdata_UMHET3_Liver_C2017_UT_Control_Female.UTC19X.80,C2017,UT,Current,Mouse,UMHET3,Female,Liver,Liver,C2017_Female,Control,Control,GPL24247,RNAseq,660,1460,0.4520548,1218.5,1047.5,0.5416496,-2.909589
Mouse_NewITPdata_UMHET3_Liver_C2017_UT_Leu_Female.UT11053,C2017,UT,Current,Mouse,UMHET3,Female,Liver,Liver,C2017_Female,Leu,Compound,GPL24247,RNAseq,660,1460,0.4520548,1278.5,1099,0.51623,-3.016841
Mouse_NewITPdata_UMHET3_Liver_C2017_UT_PB125_Female.UT11049,C2017,UT,Current,Mouse,UMHET3,Female,Liver,Liver,C2017_Female,PB125,Compound,GPL24247,RNAseq,660,1460,0.4520548,1292,1101.5,0.5108359,-2.904432
Mouse_NewITPdata_UMHET3_Liver_C2017_UT_RaAc9_Female.UT11008,C2017,UT,Current,Mouse,UMHET3,Female,Liver,Liver,C2017_Female,RaAc_9m,Compound,GPL24247,RNAseq,660,1460,0.4520548,1404,1260.5,0.4700855,-3.777677
Mouse_NewITPdata_UMHET3_Liver_C2017_UT_RaAc16_Female.UT11019,C2017,UT,Current,Mouse,UMHET3,Female,Liver,Liver,C2017_Female,RaAc_16m,Compound,GPL24247,RNAseq,660,1460,0.4520548,1399,1205.5,0.4717655,-3.227887
Mouse_NewITPdata_UMHET3_Liver_C2017_UT_Sul_Female.UT10924,C2017,UT,Current,Mouse,UMHET3,Female,Liver,Liver,C2017_Female,Sul,Compound,GPL24247,RNAseq,660,1460,0.4520548,1231.5,1059.5,0.5359318,-2.941692
Mouse_NewITPdata_UMHET3_Liver_C2017_UT_Syr_Female.UT10937,C2017,UT,Current,Mouse,UMHET3,Female,Liver,Liver,C2017_Female,Syr,Compound,GPL24247,RNAseq,660,1460,0.4520548,1226,1058,0.5383361,-2.952135
Mouse_NewITPdata_UMHET3_Liver_C2015_TJL_bGPA_Male.JL12769,C2015,TJL,Current,Mouse,UMHET3,Male,Liver,Liver,C2015_Male,bGPA,Compound,GPL24247,RNAseq,660,1460,0.4520548,1307.5,1052,0.5047801,-2.728955
Mouse_NewITPdata_UMHET3_Liver_C2015_TJL_Control_Male.JL12700,C2015,TJL,Current,Mouse,UMHET3,Male,Liver,Liver,C2015_Male,Control,Control,GPL24247,RNAseq,660,1460,0.4520548,1305,1063,0.5057471,-2.770662
Mouse_NewITPdata_UMHET3_Liver_C2015_TJL_Control_Male.JL12725,C2015,TJL,Current,Mouse,UMHET3,Male,Liver,Liver,C2015_Male,Control,Control,GPL24247,RNAseq,660,1460,0.4520548,1305,1063,0.5057471,-2.770662
Mouse_NewITPdata_UMHET3_Liver_C2015_TJL_Min_Male.JL12726,C2015,TJL,Current,Mouse,UMHET3,Male,Liver,Liver,C2015_Male,Min,Compound,GPL24247,RNAseq,660,1460,0.4520548,1252.5,1034.5,0.5269461,-2.746395
Mouse_NewITPdata_UMHET3_Liver_C2015_TJL_MitoQ_Male.JL12767,C2015,TJL,Current,Mouse,UMHET3,Male,Liver,Liver,C2015_Male,MitoQ,Compound,GPL24247,RNAseq,660,1460,0.4520548,1361.5,1087.5,0.4847595,-2.769969
Mouse_NewITPdata_UMHET3_Liver_C2015_TJL_Rapa20hi_Male.JL12763,C2015,TJL,Current,Mouse,UMHET3,Male,Liver,Liver,C2015_Male,Rapa,Compound,GPL24247,RNAseq,660,1460,0.4520548,1383,1125,0.4772234,-2.887818
Mouse_NewITPdata_UMHET3_Liver_C2015_UM_DMAG_Male.UM58954,C2015,UM,Current,Mouse,UMHET3,Male,Liver,Liver,C2015_Male,DMAG,Compound,GPL24247,RNAseq,660,1460,0.4520548,1237,1034,0.5335489,-2.778779
Mouse_NewITPdata_UMHET3_Liver_C2015_UM_bGPA_Male.UM59129,C2015,UM,Current,Mouse,UMHET3,Male,Liver,Liver,C2015_Male,bGPA,Compound,GPL24247,RNAseq,660,1460,0.4520548,1293,1029,0.5104408,-2.678068
Mouse_NewITPdata_UMHET3_Liver_C2015_UM_MitoQ_Male.UM60529,C2015,UM,Current,Mouse,UMHET3,Male,Liver,Liver,C2015_Male,MitoQ,Compound,GPL24247,RNAseq,660,1460,0.4520548,1289.5,1030.5,0.5118263,-2.683993
Mouse_NewITPdata_UMHET3_Liver_C2015_UM_Rapa20hi_Male.UM58870,C2015,UM,Current,Mouse,UMHET3,Male,Liver,Liver,C2015_Male,Rapa,Compound,GPL24247,RNAseq,660,1460,0.4520548,1314,1103,0.5022831,-2.840555
Mouse_NewITPdata_UMHET3_Liver_C2015_UT_DMAG_Male.UT08543,C2015,UT,Current,Mouse,UMHET3,Male,Liver,Liver,C2015_Male,DMAG,Compound,GPL24247,RNAseq,660,1460,0.4520548,1303.5,1081.5,0.5063291,-2.844163
Mouse_NewITPdata_UMHET3_Liver_C2015_UT_bGPA_Male.UT08493,C2015,UT,Current,Mouse,UMHET3,Male,Liver,Liver,C2015_Male,bGPA,Compound,GPL24247,RNAseq,660,1460,0.4520548,1285,1040.5,0.5136187,-2.723123
Mouse_NewITPdata_UMHET3_Liver_C2015_UT_Control_Male.UT08486,C2015,UT,Current,Mouse,UMHET3,Male,Liver,Liver,C2015_Male,Control,Control,GPL24247,RNAseq,660,1460,0.4520548,1295.5,1044.5,0.5094558,-2.725263
Mouse_NewITPdata_UMHET3_Liver_C2015_UT_Control_Male.UT08488,C2015,UT,Current,Mouse,UMHET3,Male,Liver,Liver,C2015_Male,Control,Control,GPL24247,RNAseq,660,1460,0.4520548,1295.5,1044.5,0.5094558,-2.725263
Mouse_NewITPdata_UMHET3_Liver_C2015_UT_Min_Male.UT08533,C2015,UT,Current,Mouse,UMHET3,Male,Liver,Liver,C2015_Male,Min,Compound,GPL24247,RNAseq,660,1460,0.4520548,1310.5,1052.5,0.5036246,-2.727278
Mouse_NewITPdata_UMHET3_Liver_C2015_UT_MitoQ_Male.UT08509,C2015,UT,Current,Mouse,UMHET3,Male,Liver,Liver,C2015_Male,MitoQ,Compound,GPL24247,RNAseq,660,1460,0.4520548,1299.5,1052.5,0.5078876,-2.7429
Mouse_NewITPdata_UMHET3_Liver_C2015_UT_Rapa20hi_Male.UT08510,C2015,UT,Current,Mouse,UMHET3,Male,Liver,Liver,C2015_Male,Rapa,Compound,GPL24247,RNAseq,660,1460,0.4520548,1400.5,1160,0.4712603,-2.883919
Mouse_NewITPdata_UMHET3_Liver_C2016_TJL_Cana_Male.JL14046,C2016,TJL,Current,Mouse,UMHET3,Male,Liver,Liver,C2016_Male,Cana,Compound,GPL24247,RNAseq,660,1460,0.4520548,1355,1149,0.4870849,-3.039801
Mouse_NewITPdata_UMHET3_Liver_C2016_TJL_CC_Male.JL14023,C2016,TJL,Current,Mouse,UMHET3,Male,Liver,Liver,C2016_Male,CC,Compound,GPL24247,RNAseq,660,1460,0.4520548,1292.5,1070,0.5106383,-2.870028
Mouse_NewITPdata_UMHET3_Liver_C2016_TJL_Control_Male.JL14026,C2016,TJL,Current,Mouse,UMHET3,Male,Liver,Liver,C2016_Male,Control,Control,GPL24247,RNAseq,660,1460,0.4520548,1276,1036.5,0.5172414,-2.722665
Mouse_NewITPdata_UMHET3_Liver_C2016_TJL_Control_Male.JL14027,C2016,TJL,Current,Mouse,UMHET3,Male,Liver,Liver,C2016_Male,Control,Control,GPL24247,RNAseq,660,1460,0.4520548,1276,1036.5,0.5172414,-2.722665
Mouse_NewITPdata_UMHET3_Liver_C2016_TJL_GGA_Male.JL14095,C2016,TJL,Current,Mouse,UMHET3,Male,Liver,Liver,C2016_Male,GGA,Compound,GPL24247,RNAseq,660,1460,0.4520548,1234,1018.5,0.534846,-2.781358
Mouse_NewITPdata_UMHET3_Liver_C2016_TJL_Est16_Male.JL14008,C2016,TJL,Current,Mouse,UMHET3,Male,Liver,Liver,C2016_Male,17aE2_16m,Compound,GPL24247,RNAseq,660,1460,0.4520548,1286.5,1108,0.5130198,-2.794302
Mouse_NewITPdata_UMHET3_Liver_C2016_TJL_MIF098_Male.JL14081,C2016,TJL,Current,Mouse,UMHET3,Male,Liver,Liver,C2016_Male,MIF098,Compound,GPL24247,RNAseq,660,1460,0.4520548,1272.5,1049.5,0.518664,-2.769747
Mouse_NewITPdata_UMHET3_Liver_C2016_TJL_NR_Male.JL13970,C2016,TJL,Current,Mouse,UMHET3,Male,Liver,Liver,C2016_Male,NR,Compound,GPL24247,RNAseq,660,1460,0.4520548,1242,1009,0.531401,-2.700478
Mouse_NewITPdata_UMHET3_Liver_C2016_UM_Cana_Male.UM69055,C2016,UM,Current,Mouse,UMHET3,Male,Liver,Liver,C2016_Male,Cana,Compound,GPL24247,RNAseq,660,1460,0.4520548,1370.5,1169.5,0.4815761,-3.1067
Mouse_NewITPdata_UMHET3_Liver_C2016_UM_Cana_Male.UM69062,C2016,UM,Current,Mouse,UMHET3,Male,Liver,Liver,C2016_Male,Cana,Compound,GPL24247,RNAseq,660,1460,0.4520548,1370.5,1169.5,0.4815761,-3.1067
Mouse_NewITPdata_UMHET3_Liver_C2016_UM_Cana_Male.UM69622,C2016,UM,Current,Mouse,UMHET3,Male,Liver,Liver,C2016_Male,Cana,Compound,GPL24247,RNAseq,660,1460,0.4520548,1370.5,1169.5,0.4815761,-3.1067
Mouse_NewITPdata_UMHET3_Liver_C2016_UM_Cana_Male.UM69629,C2016,UM,Current,Mouse,UMHET3,Male,Liver,Liver,C2016_Male,Cana,Compound,GPL24247,RNAseq,660,1460,0.4520548,1370.5,1169.5,0.4815761,-3.1067
Mouse_NewITPdata_UMHET3_Liver_C2016_UM_Cana_Male.UM69951,C2016,UM,Current,Mouse,UMHET3,Male,Liver,Liver,C2016_Male,Cana,Compound,GPL24247,RNAseq,660,1460,0.4520548,1370.5,1169.5,0.4815761,-3.1067
Mouse_NewITPdata_UMHET3_Liver_C2016_UM_CC_Male.UM68369,C2016,UM,Current,Mouse,UMHET3,Male,Liver,Liver,C2016_Male,CC,Compound,GPL24247,RNAseq,660,1460,0.4520548,1283,1064.5,0.5144193,-2.904831
Mouse_NewITPdata_UMHET3_Liver_C2016_UM_Control_Male.UM68509,C2016,UM,Current,Mouse,UMHET3,Male,Liver,Liver,C2016_Male,Control,Control,GPL24247,RNAseq,660,1460,0.4520548,1308.5,1065.5,0.5043943,-2.772667
Mouse_NewITPdata_UMHET3_Liver_C2016_UM_Control_Male.UM69643,C2016,UM,Current,Mouse,UMHET3,Male,Liver,Liver,C2016_Male,Control,Control,GPL24247,RNAseq,660,1460,0.4520548,1308.5,1065.5,0.5043943,-2.772667
Mouse_NewITPdata_UMHET3_Liver_C2016_UM_Control_Male.UM69804,C2016,UM,Current,Mouse,UMHET3,Male,Liver,Liver,C2016_Male,Control,Control,GPL24247,RNAseq,660,1460,0.4520548,1308.5,1065.5,0.5043943,-2.772667
Mouse_NewITPdata_UMHET3_Liver_C2016_UM_Control_Male.UM69811,C2016,UM,Current,Mouse,UMHET3,Male,Liver,Liver,C2016_Male,Control,Control,GPL24247,RNAseq,660,1460,0.4520548,1308.5,1065.5,0.5043943,-2.772667
Mouse_NewITPdata_UMHET3_Liver_C2016_UM_Control_Male.UM70133,C2016,UM,Current,Mouse,UMHET3,Male,Liver,Liver,C2016_Male,Control,Control,GPL24247,RNAseq,660,1460,0.4520548,1308.5,1065.5,0.5043943,-2.772667
Mouse_NewITPdata_UMHET3_Liver_C2016_UM_Control_Male.UM70357,C2016,UM,Current,Mouse,UMHET3,Male,Liver,Liver,C2016_Male,Control,Control,GPL24247,RNAseq,660,1460,0.4520548,1308.5,1065.5,0.5043943,-2.772667
Mouse_NewITPdata_UMHET3_Liver_C2016_UM_Control_Male.YC13,C2016,UM,Current,Mouse,UMHET3,Male,Liver,Liver,C2016_Male,Control,Control,GPL24247,RNAseq,120,1460,0.08219178,1308.5,1065.5,0.09170806,-3.826208
Mouse_NewITPdata_UMHET3_Liver_C2016_UM_Control_Male.YC2,C2016,UM,Current,Mouse,UMHET3,Male,Liver,Liver,C2016_Male,Control,Control,GPL24247,RNAseq,120,1460,0.08219178,1308.5,1065.5,0.09170806,-3.826208
Mouse_NewITPdata_UMHET3_Liver_C2016_UM_Est16_Male.UM68390,C2016,UM,Current,Mouse,UMHET3,Male,Liver,Liver,C2016_Male,17aE2_16m,Compound,GPL24247,RNAseq,660,1460,0.4520548,1312.5,1131,0.5028571,-2.966216
Mouse_NewITPdata_UMHET3_Liver_C2016_UM_Est20_Male.UM70112,C2016,UM,Current,Mouse,UMHET3,Male,Liver,Liver,C2016_Male,17aE2_20m,Compound,GPL24247,RNAseq,660,1460,0.4520548,1343.5,1112,0.4912542,-3.113956
Mouse_NewITPdata_UMHET3_Liver_C2016_UM_GGA_Male.UM68243,C2016,UM,Current,Mouse,UMHET3,Male,Liver,Liver,C2016_Male,GGA,Compound,GPL24247,RNAseq,660,1460,0.4520548,1255,1061,0.5258964,-2.893381
Mouse_NewITPdata_UMHET3_Liver_C2016_UM_MIF098_Male.UM68789,C2016,UM,Current,Mouse,UMHET3,Male,Liver,Liver,C2016_Male,MIF098,Compound,GPL24247,RNAseq,660,1460,0.4520548,1235.5,1041,0.5341967,-2.810927
Mouse_NewITPdata_UMHET3_Liver_C2016_UM_NR_Male.UM68656,C2016,UM,Current,Mouse,UMHET3,Male,Liver,Liver,C2016_Male,NR,Compound,GPL24247,RNAseq,660,1460,0.4520548,1271.5,1047.5,0.519072,-2.753179
Mouse_NewITPdata_UMHET3_Liver_C2016_UT_CC_Male.UT09777,C2016,UT,Current,Mouse,UMHET3,Male,Liver,Liver,C2016_Male,CC,Compound,GPL24247,RNAseq,660,1460,0.4520548,1260,1034,0.5238095,-2.81036
Mouse_NewITPdata_UMHET3_Liver_C2016_UT_Control_Male.UT09710,C2016,UT,Current,Mouse,UMHET3,Male,Liver,Liver,C2016_Male,Control,Control,GPL24247,RNAseq,660,1460,0.4520548,1278,1051.5,0.5164319,-2.773418
Mouse_NewITPdata_UMHET3_Liver_C2016_UT_Control_Male.UT09711,C2016,UT,Current,Mouse,UMHET3,Male,Liver,Liver,C2016_Male,Control,Control,GPL24247,RNAseq,660,1460,0.4520548,1278,1051.5,0.5164319,-2.773418
Mouse_NewITPdata_UMHET3_Liver_C2016_UT_Est16_Male.UT09681,C2016,UT,Current,Mouse,UMHET3,Male,Liver,Liver,C2016_Male,17aE2_16m,Compound,GPL24247,RNAseq,660,1460,0.4520548,1355,1157.5,0.4870849,-3.172837
Mouse_NewITPdata_UMHET3_Liver_C2016_UT_Est20_Male.UT09674,C2016,UT,Current,Mouse,UMHET3,Male,Liver,Liver,C2016_Male,17aE2_20m,Compound,GPL24247,RNAseq,660,1460,0.4520548,1332,1081.5,0.4954955,-3.089418
Mouse_NewITPdata_UMHET3_Liver_C2016_UT_MIF098_Male.UT09744,C2016,UT,Current,Mouse,UMHET3,Male,Liver,Liver,C2016_Male,MIF098,Compound,GPL24247,RNAseq,660,1460,0.4520548,1254,1050,0.5263158,-2.806179
Mouse_NewITPdata_UMHET3_Liver_C2017_TJL_Capt_Male.JL16318,C2017,TJL,Current,Mouse,UMHET3,Male,Liver,Liver,C2017_Male,Capt,Compound,GPL24247,RNAseq,690,1460,0.4726027,1333.5,1092.5,0.5174353,-2.771724
Mouse_NewITPdata_UMHET3_Liver_C2017_TJL_Control_Male.JL16270,C2017,TJL,Current,Mouse,UMHET3,Male,Liver,Liver,C2017_Male,Control,Control,GPL24247,RNAseq,660,1460,0.4520548,1318.5,1057,0.5005688,-2.736781
Mouse_NewITPdata_UMHET3_Liver_C2017_TJL_Control_Male.JL16272,C2017,TJL,Current,Mouse,UMHET3,Male,Liver,Liver,C2017_Male,Control,Control,GPL24247,RNAseq,660,1460,0.4520548,1318.5,1057,0.5005688,-2.736781
Mouse_NewITPdata_UMHET3_Liver_C2017_TJL_Control_Male.JLMale1,C2017,TJL,Current,Mouse,UMHET3,Male,Liver,Liver,C2017_Male,Control,Control,GPL24247,RNAseq,150,1460,0.1027397,1318.5,1057,0.1137656,-3.669566
Mouse_NewITPdata_UMHET3_Liver_C2017_TJL_Control_Male.JLMale2,C2017,TJL,Current,Mouse,UMHET3,Male,Liver,Liver,C2017_Male,Control,Control,GPL24247,RNAseq,150,1460,0.1027397,1318.5,1057,0.1137656,-3.669566
Mouse_NewITPdata_UMHET3_Liver_C2017_TJL_Leu_Male.JL16357,C2017,TJL,Current,Mouse,UMHET3,Male,Liver,Liver,C2017_Male,Leu,Compound,GPL24247,RNAseq,660,1460,0.4520548,1314.5,1020,0.5020921,-2.635409
Mouse_NewITPdata_UMHET3_Liver_C2017_TJL_PB125_Male.JL16253,C2017,TJL,Current,Mouse,UMHET3,Male,Liver,Liver,C2017_Male,PB125,Compound,GPL24247,RNAseq,660,1460,0.4520548,1348,1029,0.4896142,-2.639016
Mouse_NewITPdata_UMHET3_Liver_C2017_TJL_RaAc9_Male.JL16321,C2017,TJL,Current,Mouse,UMHET3,Male,Liver,Liver,C2017_Male,RaAc_9m,Compound,GPL24247,RNAseq,660,1460,0.4520548,1534.5,1246.5,0.4301075,-2.968804
Mouse_NewITPdata_UMHET3_Liver_C2017_TJL_RaAc16_Male.JL16325,C2017,TJL,Current,Mouse,UMHET3,Male,Liver,Liver,C2017_Male,RaAc_16m,Compound,GPL24247,RNAseq,660,1460,0.4520548,1502,1159,0.4394141,-2.790686
Mouse_NewITPdata_UMHET3_Liver_C2017_TJL_Syr_Male.JL16328,C2017,TJL,Current,Mouse,UMHET3,Male,Liver,Liver,C2017_Male,Syr,Compound,GPL24247,RNAseq,660,1460,0.4520548,1246,1002.5,0.529695,-2.649198
Mouse_NewITPdata_UMHET3_Liver_C2017_UM_BD_Male.UM78617,C2017,UM,Current,Mouse,UMHET3,Male,Liver,Liver,C2017_Male,BD,Compound,GPL24247,RNAseq,660,1460,0.4520548,1315.5,1054.5,0.5017104,-2.728583
Mouse_NewITPdata_UMHET3_Liver_C2017_UM_Capt_Male.UM79394,C2017,UM,Current,Mouse,UMHET3,Male,Liver,Liver,C2017_Male,Capt,Compound,GPL24247,RNAseq,660,1460,0.4520548,1364.5,1086.5,0.4836937,-2.768182
Mouse_NewITPdata_UMHET3_Liver_C2017_UM_Control_Male.UM78498,C2017,UM,Current,Mouse,UMHET3,Male,Liver,Liver,C2017_Male,Control,Control,GPL24247,RNAseq,660,1460,0.4520548,1296.5,1048,0.5090629,-2.733975
Mouse_NewITPdata_UMHET3_Liver_C2017_UM_Control_Male.UM78505,C2017,UM,Current,Mouse,UMHET3,Male,Liver,Liver,C2017_Male,Control,Control,GPL24247,RNAseq,660,1460,0.4520548,1296.5,1048,0.5090629,-2.733975
Mouse_NewITPdata_UMHET3_Liver_C2017_UM_Control_Male.YC05,C2017,UM,Current,Mouse,UMHET3,Male,Liver,Liver,C2017_Male,Control,Control,GPL24247,RNAseq,180,1460,0.1232877,1296.5,1048,0.1388353,-3.652081
Mouse_NewITPdata_UMHET3_Liver_C2017_UM_Leu_Male.UM79856,C2017,UM,Current,Mouse,UMHET3,Male,Liver,Liver,C2017_Male,Leu,Compound,GPL24247,RNAseq,660,1460,0.4520548,1265.5,989,0.521533,-2.595131
Mouse_NewITPdata_UMHET3_Liver_C2017_UM_PB125_Male.UM78883,C2017,UM,Current,Mouse,UMHET3,Male,Liver,Liver,C2017_Male,PB125,Compound,GPL24247,RNAseq,660,1460,0.4520548,1320,1037.5,0.5,-2.676121
Mouse_NewITPdata_UMHET3_Liver_C2017_UM_RaAc9_Male.UM78449,C2017,UM,Current,Mouse,UMHET3,Male,Liver,Liver,C2017_Male,RaAc_9m,Compound,GPL24247,RNAseq,660,1460,0.4520548,1476,1254.5,0.4471545,-3.03778
Mouse_NewITPdata_UMHET3_Liver_C2017_UM_RaAc16_Male.UM78519,C2017,UM,Current,Mouse,UMHET3,Male,Liver,Liver,C2017_Male,RaAc_16m,Compound,GPL24247,RNAseq,660,1460,0.4520548,1505.5,1166.5,0.4383926,-2.871529
Mouse_NewITPdata_UMHET3_Liver_C2017_UM_Sul_Male.UM79702,C2017,UM,Current,Mouse,UMHET3,Male,Liver,Liver,C2017_Male,Sul,Compound,GPL24247,RNAseq,660,1460,0.4520548,1332,1042,0.4954955,-2.676976
Mouse_NewITPdata_UMHET3_Liver_C2017_UM_Syr_Male.UM78645,C2017,UM,Current,Mouse,UMHET3,Male,Liver,Liver,C2017_Male,Syr,Compound,GPL24247,RNAseq,660,1460,0.4520548,1232,997,0.5357143,-2.647577
Mouse_NewITPdata_UMHET3_Liver_C2017_UT_BD_Male.UT11032,C2017,UT,Current,Mouse,UMHET3,Male,Liver,Liver,C2017_Male,BD,Compound,GPL24247,RNAseq,660,1460,0.4520548,1272.5,1047.5,0.518664,-2.772509
Mouse_NewITPdata_UMHET3_Liver_C2017_UT_Capt_Male.UT11143,C2017,UT,Current,Mouse,UMHET3,Male,Liver,Liver,C2017_Male,Capt,Compound,GPL24247,RNAseq,690,1460,0.4726027,1378.5,1127,0.5005441,-2.821179
Mouse_NewITPdata_UMHET3_Liver_C2017_UT_Control_Male.UT11012,C2017,UT,Current,Mouse,UMHET3,Male,Liver,Liver,C2017_Male,Control,Control,GPL24247,RNAseq,660,1460,0.4520548,1288.5,1017,0.5122235,-2.665371
Mouse_NewITPdata_UMHET3_Liver_C2017_UT_Control_Male.UT11134,C2017,UT,Current,Mouse,UMHET3,Male,Liver,Liver,C2017_Male,Control,Control,GPL24247,RNAseq,660,1460,0.4520548,1288.5,1017,0.5122235,-2.665371
Mouse_NewITPdata_UMHET3_Liver_C2017_UT_Control_Male.UTC19X.164,C2017,UT,Current,Mouse,UMHET3,Male,Liver,Liver,C2017_Male,Control,Control,GPL24247,RNAseq,660,1460,0.4520548,1288.5,1017,0.5122235,-2.665371
Mouse_NewITPdata_UMHET3_Liver_C2017_UT_Control_Male.UTC19X.165,C2017,UT,Current,Mouse,UMHET3,Male,Liver,Liver,C2017_Male,Control,Control,GPL24247,RNAseq,660,1460,0.4520548,1288.5,1017,0.5122235,-2.665371
Mouse_NewITPdata_UMHET3_Liver_C2017_UT_Leu_Male.UT11101,C2017,UT,Current,Mouse,UMHET3,Male,Liver,Liver,C2017_Male,Leu,Compound,GPL24247,RNAseq,660,1460,0.4520548,1242.5,983,0.5311871,-2.596488
Mouse_NewITPdata_UMHET3_Liver_C2017_UT_PB125_Male.UT10974,C2017,UT,Current,Mouse,UMHET3,Male,Liver,Liver,C2017_Male,PB125,Compound,GPL24247,RNAseq,660,1460,0.4520548,1335,1044.5,0.494382,-2.680348
Mouse_NewITPdata_UMHET3_Liver_C2017_UT_RaAc9_Male.UT10944,C2017,UT,Current,Mouse,UMHET3,Male,Liver,Liver,C2017_Male,RaAc_9m,Compound,GPL24247,RNAseq,660,1460,0.4520548,1521,1275,0.433925,-3.001439
Mouse_NewITPdata_UMHET3_Liver_C2017_UT_RaAc16_Male.UT11057,C2017,UT,Current,Mouse,UMHET3,Male,Liver,Liver,C2017_Male,RaAc_16m,Compound,GPL24247,RNAseq,660,1460,0.4520548,1465,1176.5,0.4505119,-2.901455
Mouse_NewITPdata_UMHET3_Liver_C2017_UT_Sul_Male.UT10960,C2017,UT,Current,Mouse,UMHET3,Male,Liver,Liver,C2017_Male,Sul,Compound,GPL24247,RNAseq,660,1460,0.4520548,1256,994.5,0.5254777,-2.612925
Mouse_NewITPdata_UMHET3_Liver_C2017_UT_Syr_Male.UT11125,C2017,UT,Current,Mouse,UMHET3,Male,Liver,Liver,C2017_Male,Syr,Compound,GPL24247,RNAseq,660,1460,0.4520548,1242.5,1018,0.5311871,-2.706654
